{
  "visdat": {
    "5cc2df56dba": ["function () ", "plotlyVisDat"]
  },
  "cur_data": "5cc2df56dba",
  "attrs": {
    "5cc2df56dba": {
      "x": [0.0833333333333333, 0.166666666666667, 0.25, 0.333333333333333, 0.416666666666667, 0.5, 0.583333333333333, 0.666666666666667, 0.75, 0.833333333333333, 0.916666666666667],
      "y": [0.0833333333333333, 0.166666666666667, 0.25, 0.333333333333333, 0.416666666666667, 0.5, 0.583333333333333, 0.666666666666667, 0.75, 0.833333333333333, 0.916666666666667],
      "z": [
        [0.919381852055962, 0.930756141010039, 0.935614435878864, 0.940912363984128, 0.944550358168116, 0.944436263982335, 0.939914841064929, 0.93359778789014, 0.923698912918079, 0.902757251088811, 0.873625038994123],
        [0.928288374085731, 0.939177052456648, 0.942845713356523, 0.946793187875156, 0.950156879555222, 0.951466536089718, 0.950120140711548, 0.947819395893168, 0.943153691808217, 0.933336032728865, 0.91979348730494],
        [0.932341319254629, 0.943813476759004, 0.9472300965506, 0.950557978536149, 0.953810429730589, 0.95591741196128, 0.956345318315786, 0.956250426825843, 0.954471215336238, 0.950969731001887, 0.946247768561586],
        [0.934283758959652, 0.946843869174861, 0.950430385930302, 0.953456230165131, 0.956669014465983, 0.959308286475676, 0.960917627724286, 0.962259956294935, 0.962371681614177, 0.963157490068616, 0.964397652349905],
        [0.934887623099524, 0.948918570340335, 0.952965225390165, 0.955890043024073, 0.959109617934749, 0.962124771723168, 0.964565298704751, 0.966886930543021, 0.968297677894736, 0.972182073324302, 0.97770644345886],
        [0.934417487419103, 0.950285038139311, 0.955045765473874, 0.958030468241941, 0.96129509742247, 0.964571518544194, 0.967586196204877, 0.970547256510633, 0.9728188763198, 0.978939403331769, 0.987527390500512],
        [0.932873613043717, 0.951053634610006, 0.956821933904897, 0.960026700819993, 0.963376498989722, 0.966820070641779, 0.970197058528794, 0.973509561126032, 0.976273198551691, 0.983939398358048, 0.994607187108327],
        [0.930083503011972, 0.951174097194439, 0.958307085013333, 0.961917539768646, 0.965399839123348, 0.968909830139076, 0.97242200869905, 0.975773228563791, 0.97862952093826, 0.987111392678678, 0.998815378112572],
        [0.925384478727321, 0.950434768377699, 0.959527280780945, 0.963826914315601, 0.967516460872863, 0.970963281064142, 0.974317229458318, 0.977290674521775, 0.979711401001959, 0.98809809317085, 0.999525136548226],
        [0.917435137208249, 0.948237602604962, 0.960304675658817, 0.965776150711674, 0.969800318425491, 0.972964453454031, 0.975663074995081, 0.977552466122376, 0.978642074074233, 0.985392238332728, 0.994319616119848],
        [0.901679383639967, 0.942539430905534, 0.960019037086986, 0.967821581219301, 0.972486294712673, 0.974840591185322, 0.975690127740514, 0.974799325685005, 0.972407143607363, 0.973819390034958, 0.974909425251291]
      ],
      "colorscale": "Jet",
      "showscale": false,
      "scene": "scene1",
      "alpha_stroke": 1,
      "sizes": [10, 100],
      "spans": [1, 20],
      "type": "surface"
    }
  },
  "layout": {
    "margin": {
      "b": 40,
      "l": 60,
      "t": 25,
      "r": 10
    },
    "scene1": {
      "camera": {
        "eye": {
          "x": -1.5,
          "y": -1.5,
          "z": 0.5
        }
      },
      "aspectratio": {
        "x": 1,
        "y": 1,
        "z": 1
      },
      "xaxis": {
        "title": "𝛕-innovation"
      },
      "yaxis": {
        "title": "𝛕-productivity"
      },
      "zaxis": {
        "title": "Persistence No R&D"
      }
    },
    "scene": {
      "camera": {
        "eye": {
          "x": -1.5,
          "y": -1.5,
          "z": 0.5
        }
      },
      "aspectratio": {
        "x": 1,
        "y": 1,
        "z": 1
      },
      "xaxis": {
        "title": "𝛕-innovation"
      },
      "yaxis": {
        "title": "𝛕-productivity"
      },
      "zaxis": {
        "title": "Persistence No R&D"
      }
    },
    "hovermode": "closest",
    "showlegend": false
  },
  "source": "A",
  "config": {
    "showSendToCloud": false
  },
  "data": [
    {
      "colorbar": {
        "title": "",
        "ticklen": 2
      },
      "colorscale": "Jet",
      "showscale": false,
      "x": [0.0833333333333333, 0.166666666666667, 0.25, 0.333333333333333, 0.416666666666667, 0.5, 0.583333333333333, 0.666666666666667, 0.75, 0.833333333333333, 0.916666666666667],
      "y": [0.0833333333333333, 0.166666666666667, 0.25, 0.333333333333333, 0.416666666666667, 0.5, 0.583333333333333, 0.666666666666667, 0.75, 0.833333333333333, 0.916666666666667],
      "z": [
        [0.919381852055962, 0.930756141010039, 0.935614435878864, 0.940912363984128, 0.944550358168116, 0.944436263982335, 0.939914841064929, 0.93359778789014, 0.923698912918079, 0.902757251088811, 0.873625038994123],
        [0.928288374085731, 0.939177052456648, 0.942845713356523, 0.946793187875156, 0.950156879555222, 0.951466536089718, 0.950120140711548, 0.947819395893168, 0.943153691808217, 0.933336032728865, 0.91979348730494],
        [0.932341319254629, 0.943813476759004, 0.9472300965506, 0.950557978536149, 0.953810429730589, 0.95591741196128, 0.956345318315786, 0.956250426825843, 0.954471215336238, 0.950969731001887, 0.946247768561586],
        [0.934283758959652, 0.946843869174861, 0.950430385930302, 0.953456230165131, 0.956669014465983, 0.959308286475676, 0.960917627724286, 0.962259956294935, 0.962371681614177, 0.963157490068616, 0.964397652349905],
        [0.934887623099524, 0.948918570340335, 0.952965225390165, 0.955890043024073, 0.959109617934749, 0.962124771723168, 0.964565298704751, 0.966886930543021, 0.968297677894736, 0.972182073324302, 0.97770644345886],
        [0.934417487419103, 0.950285038139311, 0.955045765473874, 0.958030468241941, 0.96129509742247, 0.964571518544194, 0.967586196204877, 0.970547256510633, 0.9728188763198, 0.978939403331769, 0.987527390500512],
        [0.932873613043717, 0.951053634610006, 0.956821933904897, 0.960026700819993, 0.963376498989722, 0.966820070641779, 0.970197058528794, 0.973509561126032, 0.976273198551691, 0.983939398358048, 0.994607187108327],
        [0.930083503011972, 0.951174097194439, 0.958307085013333, 0.961917539768646, 0.965399839123348, 0.968909830139076, 0.97242200869905, 0.975773228563791, 0.97862952093826, 0.987111392678678, 0.998815378112572],
        [0.925384478727321, 0.950434768377699, 0.959527280780945, 0.963826914315601, 0.967516460872863, 0.970963281064142, 0.974317229458318, 0.977290674521775, 0.979711401001959, 0.98809809317085, 0.999525136548226],
        [0.917435137208249, 0.948237602604962, 0.960304675658817, 0.965776150711674, 0.969800318425491, 0.972964453454031, 0.975663074995081, 0.977552466122376, 0.978642074074233, 0.985392238332728, 0.994319616119848],
        [0.901679383639967, 0.942539430905534, 0.960019037086986, 0.967821581219301, 0.972486294712673, 0.974840591185322, 0.975690127740514, 0.974799325685005, 0.972407143607363, 0.973819390034958, 0.974909425251291]
      ],
      "scene": "scene1",
      "type": "surface",
      "frame": null
    }
  ],
  "highlight": {
    "on": "plotly_click",
    "persistent": false,
    "dynamic": false,
    "selectize": false,
    "opacityDim": 0.2,
    "selected": {
      "opacity": 1
    },
    "debounce": 0
  },
  "shinyEvents": ["plotly_hover", "plotly_click", "plotly_selected", "plotly_relayout", "plotly_brushed", "plotly_brushing", "plotly_clickannotation", "plotly_doubleclick", "plotly_deselect", "plotly_afterplot", "plotly_sunburstclick"],
  "base_url": "https://plot.ly"
}
