{
  "data": [
    {
      "colorbar": {
        "title": "",
        "ticklen": 2
      },
      "colorscale": "Jet",
      "showscale": false,
      "x": [0.0833333333333333, 0.166666666666667, 0.25, 0.333333333333333, 0.416666666666667, 0.5, 0.583333333333333, 0.666666666666667, 0.75, 0.833333333333333, 0.916666666666667],
      "y": [0.0833333333333333, 0.166666666666667, 0.25, 0.333333333333333, 0.416666666666667, 0.5, 0.583333333333333, 0.666666666666667, 0.75, 0.833333333333333, 0.916666666666667],
      "z": [
        [-0.000365948965820065, 0.00254351740176008, 0.00472718483214217, 0.00638484063935161, 0.00741066544995235, 0.00853857426040406, 0.00988648574756182, 0.0118023124100832, 0.0134399163535135, 0.0124787677064768, 0.00710875168522624],
        [-0.00067209266215216, 0.00195614484332151, 0.00403328686897933, 0.00568156198544981, 0.00686633443770996, 0.00808131367208953, 0.00960082158771539, 0.0115185696293894, 0.0134864344070335, 0.0137723549234441, 0.00983101876672271],
        [-0.000299199957203981, 0.00204223977575324, 0.00392495244389243, 0.00546001558083222, 0.00665481404338856, 0.00784294911564708, 0.00940331793392626, 0.0113015230639319, 0.0134654532051569, 0.0146296147174201, 0.0119882247197499],
        [0.000555688383466375, 0.002583389356617, 0.00421284448775499, 0.00557465686490571, 0.0067036424627404, 0.00780481058533025, 0.00931654126114904, 0.0111053002992045, 0.0132901442018094, 0.0150155304025656, 0.0134995201517734],
        [0.00172772103593333, 0.0034254566720796, 0.00476842073184253, 0.00592375061512997, 0.00694331088587224, 0.00792647900432799, 0.009332216596879, 0.0109358584399028, 0.0130027777465798, 0.0150313169581192, 0.0144617854195418],
        [0.00311678648071649, 0.00447382232540839, 0.00551114821336071, 0.00644084852811086, 0.00732399837083205, 0.00817404894793592, 0.00943656215564331, 0.0107959169547707, 0.0126415986639481, 0.0147657632354852, 0.0149785624415997],
        [0.00461764722230963, 0.005635773424561, 0.00636594368763195, 0.00706499837483019, 0.00779715887108951, 0.00851130139910855, 0.00960899097987724, 0.0106838420841095, 0.0122404599336033, 0.0142878442370544, 0.0151097286185028],
        [0.00613336109613489, 0.00682711569365021, 0.00726505276133981, 0.0077390920775777, 0.00831297171086936, 0.00889475095725487, 0.00981434307047252, 0.0105791214677781, 0.0118132684174719, 0.0136457272105374, 0.0148962760984043],
        [0.00749535057346642, 0.00791092251904779, 0.00810218385281014, 0.00837364005777861, 0.00878935525946021, 0.00924404923258264, 0.00997441947095114, 0.0104218886743858, 0.0113475431273295, 0.0128765678849883, 0.0143559939630569],
        [0.00850379015458924, 0.0087407048928099, 0.00876974299075287, 0.00887202892450848, 0.00912213016629722, 0.00942850746990154, 0.00991917683176702, 0.0100279107842616, 0.0106976935044606, 0.0119058602419124, 0.0134162933943583],
        [0.00879588089933068, 0.00914090132116386, 0.00918477637171391, 0.00916508947570914, 0.00919531865404794, 0.00919953158119747, 0.00918190853431628, 0.00876341437498516, 0.00920072246612828, 0.0102366037610229, 0.0116612333946158]
      ],
      "scene": "scene1",
      "hovertemplate": "<i>𝛕-innovation<i>: %{x:.2f} <br>𝛕-productivity: %{y:.2f}<br> Estimate: %{z:.3f}",
      "name": " ",
      "type": "surface",
      "frame": null
    },
    {
      "colorbar": {
        "title": "",
        "ticklen": 2
      },
      "colorscale": "Jet",
      "showscale": false,
      "x": [0.0833333333333333, 0.166666666666667, 0.25, 0.333333333333333, 0.416666666666667, 0.5, 0.583333333333333, 0.666666666666667, 0.75, 0.833333333333333, 0.916666666666667],
      "y": [0.0833333333333333, 0.166666666666667, 0.25, 0.333333333333333, 0.416666666666667, 0.5, 0.583333333333333, 0.666666666666667, 0.75, 0.833333333333333, 0.916666666666667],
      "z": [
        [0.00445455296966061, 0.00323786733199505, 0.00300908649970891, 0.00307012279611496, 0.00340554184561895, 0.00368733382488263, 0.00451962772969349, 0.00597720770941579, 0.00748384406566083, 0.00775458842365668, 0.00424033631206185],
        [0.00417939526999155, 0.00327899262189991, 0.00321442478631495, 0.00339881720143184, 0.00383015349363434, 0.0042098444115297, 0.00513286475536345, 0.00662505983623191, 0.00821920627714113, 0.00875047647823626, 0.00561909612294237],
        [0.00417939526999155, 0.00327899262189991, 0.00321442478631495, 0.00339881720143184, 0.00383015349363434, 0.0042098444115297, 0.00513286475536345, 0.00662505983623191, 0.00821920627714113, 0.00875047647823626, 0.00561909612294237],
        [0.00398377579903839, 0.00332667736958356, 0.00338766924004086, 0.00366384832193434, 0.00416415734550557, 0.00461432532986863, 0.00560196881794769, 0.00711165890714565, 0.00876198220440734, 0.00948609410965147, 0.00666544676939096],
        [0.00338564444752312, 0.00360124540776175, 0.0041076810800118, 0.00469304725393362, 0.00540970575562164, 0.00608148935808156, 0.0072675811521739, 0.00878110655661527, 0.0105610568625774, 0.0119280275874512, 0.0103264731662542],
        [0.00300797879789827, 0.00392667139461408, 0.00478702482296334, 0.00560131511219808, 0.00646102243602458, 0.00727996696249545, 0.00859237034166223, 0.0100496757859082, 0.0118617091258271, 0.0136974359811384, 0.0131832784684952],
        [0.00273877196641014, 0.00428635906019867, 0.00546001985079258, 0.00646579686777636, 0.00743288415596371, 0.00836280084876724, 0.00976608927373399, 0.0111340662614281, 0.0129271709736507, 0.0151498234090183, 0.0156775806188034],
        [0.00252692650227452, 0.00470516086022312, 0.00619023951665333, 0.00737678876126279, 0.00843412874198051, 0.00945782753560991, 0.0109335368749514, 0.0121788659917762, 0.0139126472153297, 0.0164958903356321, 0.0181271426271721],
        [0.00236204805829895, 0.00519753341454147, 0.00700450930717888, 0.0083686358165913, 0.00950327136670808, 0.0106078739863618, 0.0121410530474684, 0.0132267464947846, 0.0148598923930159, 0.0177925659488224, 0.0206303110876709],
        [0.00223025206397027, 0.00587002734119714, 0.00806758829391452, 0.00963547605144614, 0.0108437173366452, 0.0120262535196747, 0.0136072227887104, 0.0144577490552858, 0.0159191721999302, 0.0192464434212486, 0.0236312444527285],
        [0.00216197252051143, 0.00681783906609806, 0.00950417190005344, 0.0113104669962922, 0.0125822420049038, 0.0138336563683525, 0.0154433636552151, 0.0159408964154751, 0.0171171869538554, 0.0208966335698723, 0.0273350697329231]
      ],
      "scene": "scene2",
      "hovertemplate": "<i>𝛕-innovation<i>: %{x:.2f} <br>𝛕-R&D: %{y:.2f}<br> Estimate: %{z:.3f}",
      "name": " ",
      "type": "surface",
      "frame": null
    }
  ],
  "layout": {
    "NA": {
      "anchor": [],
      "domain": [0, 1]
    },
    "NA2": {
      "anchor": [],
      "domain": [0, 1]
    },
    "margin": {
      "b": 40,
      "l": 60,
      "t": 25,
      "r": 10
    },
    "scene1": {
      "camera": {
        "eye": {
          "x": -1.5,
          "y": -1.5,
          "z": 0.5
        }
      },
      "aspectratio": {
        "x": 1,
        "y": 1,
        "z": 1
      },
      "xaxis": {
        "title": "𝛕-innovation",
        "titlefont": {
          "size": 18
        },
        "tickfont": {
          "size": 14
        }
      },
      "yaxis": {
        "title": "𝛕-productivity",
        "titlefont": {
          "size": 18
        },
        "tickfont": {
          "size": 14
        }
      },
      "zaxis": {
        "title": "Returns to R&D",
        "titlefont": {
          "size": 18
        },
        "tickfont": {
          "size": 14
        }
      }
    },
    "scene": {
      "camera": {
        "eye": {
          "x": -1.5,
          "y": -1.5,
          "z": 0.5
        }
      },
      "aspectratio": {
        "x": 0.9,
        "y": 0.9,
        "z": 0.9
      },
      "xaxis": {
        "title": "𝛕-innovation",
        "titlefont": {
          "size": 18
        },
        "tickfont": {
          "size": 14
        }
      },