{
  "data": [
    {
      "colorbar": {
        "title": "",
        "ticklen": 2
      },
      "colorscale": "Jet",
      "showscale": false,
      "x": [0.0833333333333333, 0.166666666666667, 0.25, 0.333333333333333, 0.416666666666667, 0.5, 0.583333333333333, 0.666666666666667, 0.75, 0.833333333333333, 0.916666666666667],
      "y": [0.0833333333333333, 0.166666666666667, 0.25, 0.333333333333333, 0.416666666666667, 0.5, 0.583333333333333, 0.666666666666667, 0.75, 0.833333333333333, 0.916666666666667],
      "z": [
        [-0.00345380960482074, -0.000242466286043924, 0.00240118294199651, 0.0044746354210251, 0.00591530370535436, 0.00726457310038536, 0.00845432117146922, 0.0100756835388465, 0.0120807394738064, 0.0150555065338041, 0.0203278176759099],
        [-0.00202073302426531, 0.000130707477397501, 0.00208123695449895, 0.00368608701596706, 0.00485417768189726, 0.00600133332786169, 0.00696250452189052, 0.00825617840216035, 0.00992005040822109, 0.0121355712420954, 0.0164621447032384],
        [-0.00142742678754127, 0.000209676967374782, 0.00180943444440123, 0.00319300878818277, 0.00421467331840553, 0.0052502144649334, 0.00606522230681192, 0.00714823337974455, 0.00865643914795813, 0.0104766603076101, 0.0142591585171567],
        [-0.00116933344753656, 0.000170950186854348, 0.00154955111197652, 0.00279542295393627, 0.00371093004319994, 0.00465735780870146, 0.00536351433965135, 0.00629544118852698, 0.00773387233868261, 0.00933534310705091, 0.0127290887302045],
        [-0.00113206079873103, 6.29053493958933e-05, 0.00130434896921446, 0.00246168566002214, 0.00329259168969961, 0.00415701821552608, 0.00478145553069868, 0.00561190526936439, 0.00705226888956199, 0.00858862534936354, 0.0117217892815249],
        [-0.00127180167766382, -8.77936448414264e-05, 0.00108623445388691, 0.00219231934138947, 0.00295305269639249, 0.00373458434062501, 0.00429871615972653, 0.00507549316986468, 0.00658637957597199, 0.0082144149982443, 0.0112185215444294],
        [-0.00156904772525891, -0.00025962138926914, 0.000911257394866881, 0.00199574868261301, 0.00269382543966084, 0.0033799277270667, 0.00389574258634119, 0.00466517133345701, 0.00631537083328653, 0.00820833438342281, 0.0112219542345043],
        [-0.00199377590547883, -0.000412848589826306, 0.000818201265990657, 0.00190336762010726, 0.0025402490427423, 0.00310368104460388, 0.00356767609956643, 0.00437325011157785, 0.0062210735931571, 0.00856392238156933, 0.0117302474546137],
        [-0.00250511786973336, -0.000481535885228121, 0.000870432584060757, 0.00196083663987864, 0.00252225483558363, 0.00289838300224829, 0.00326596121555428, 0.00413876567040012, 0.0062155575572262, 0.00921138843424144, 0.0126556788864096],
        [-0.00293852683677776, -0.000327197091516653, 0.0011704266176543, 0.0022185951291215, 0.00266280947487777, 0.00271968600535339, 0.0028457615390195, 0.00376396112236438, 0.00597140625627884, 0.00971989055848173, 0.0134135325675136],
        [-0.00299152667883602, 9.28708441460964e-05, 0.00159626212705769, 0.00240631698182013, 0.00266376179590445, 0.00215364864050001, 0.00163591731077494, 0.00242441999917974, 0.00420523905804187, 0.0082439193848455, 0.0114855263247089]
      ],
      "scene": "scene1",
      "hovertemplate": "<i>𝛕-innovation<i>: %{x:.2f} <br>𝛕-productivity: %{y:.2f}<br> Estimate: %{z:.3f}",
      "name": " ",
      "type": "surface",
      "frame": null
    },
    {
      "colorbar": {
        "title": "",
        "ticklen": 2
      },
      "colorscale": "Jet",
      "showscale": false,
      "x": [0.0833333333333333, 0.166666666666667, 0.25, 0.333333333333333, 0.416666666666667, 0.5, 0.583333333333333, 0.666666666666667, 0.75, 0.833333333333333, 0.916666666666667],
      "y": [0.0833333333333333, 0.166666666666667, 0.25, 0.333333333333333, 0.416666666666667, 0.5, 0.583333333333333, 0.666666666666667, 0.75, 0.833333333333333, 0.916666666666667],
      "z": [
        [0.00317683247756052, 0.00172726444910598, 0.00183987076141394, 0.00241306599548607, 0.00291285301854846, 0.00358806695583883, 0.00436884132670875, 0.00515712109639315, 0.00598477615618569, 0.00711651498883065, 0.00828638710825795],
        [0.00266301108921519, 0.00173372734394245, 0.00204422602233295, 0.0026975129125341, 0.00323814334828862, 0.00396244467102102, 0.00475828323757795, 0.00552922424609544, 0.00639380082308349, 0.00756189483652148, 0.00898294504249028],
        [0.00266301108921519, 0.00173372734394245, 0.00204422602233295, 0.0026975129125341, 0.00323814334828862, 0.00396244467102102, 0.00475828323757795, 0.00552922424609544, 0.00639380082308349, 0.00756189483652148, 0.00898294504249028],
        [0.00263562723124192, 0.00173148335962603, 0.00205154965589864, 0.00270878771310542, 0.00325139769668384, 0.00397781434256685, 0.00477386451788484, 0.00554394135584551, 0.00641091381217862, 0.00758089711824589, 0.00901471152436192],
        [0.0016604978944375, 0.00151176103175673, 0.0021196478384614, 0.0029004475825006, 0.00350289768205961, 0.00427759116011837, 0.00504924105782082, 0.00579178009106007, 0.00676719650880407, 0.00800185120142177, 0.009856585076832],
        [0.000695563278342468, 0.00107967646895835, 0.0018911890723335, 0.00276794660440452, 0.00341325880193, 0.00419419564624568, 0.0048926692819198, 0.00561292514124577, 0.00673115977880623, 0.00802580925895374, 0.0102454615449304],
        [-0.000371780343413648, 0.000416948963291766, 0.00138381111583929, 0.0023440602015935, 0.00302270680518779, 0.00377480036924302, 0.00435012399989034, 0.00505000727935023, 0.00635678392833583, 0.0077143517365701, 0.0102932321043161],
        [-0.0016118839595965, -0.000539849531675132, 0.000536857208357155, 0.00157121431582852, 0.00227436054428003, 0.00295680288791754, 0.00334637538196203, 0.00402691075593387, 0.00558364676118384, 0.0070108355267633, 0.00996218451706229],
        [-0.00319487271385952, -0.00198529973548665, -0.000853132686926885, 0.000248353856890066, 0.000965702237916615, 0.00151587990618823, 0.00161715423526214, 0.00227817721915475, 0.00419105521276977, 0.00570293852414427, 0.00907587292218052],
        [-0.00381528744307425, -0.00260764138988115, -0.0014748539902849, -0.00035390131378218, 0.000364760079657898, 0.000852298330391126, 0.000827828310392859, 0.00148249570081015, 0.00354419052714871, 0.00508822734301106, 0.00861297106423864],
        [-0.00407035906568984, -0.00287149312910961, -0.00174147176118604, -0.000613495082250764, 0.000105097625849957, 0.00056533751445176, 0.000487345572638465, 0.0011395848044554, 0.00326378414183251, 0.00482089138906506, 0.00840612844869632]
      ],
      "scene": "scene2",
      "hovertemplate": "<i>𝛕-innovation<i>: %{x:.2f} <br>𝛕-R&D: %{y:.2f}<br> Estimate: %{z:.3f}",
      "name": " ",
      "type": "surface",
      "frame": null
    }
  ],
  "layout": {
    "NA": {
      "anchor": [],
      "domain": [0, 1]
    },
    "NA2": {
      "anchor": [],
      "domain": [0, 1]
    },
    "margin": {
      "b": 40,
      "l": 60,
      "t": 25,
      "r": 10
    },
    "scene1": {
      "camera": {
        "eye": {
          "x": -1.5,
          "y": -1.5,
          "z": 0.5
        }
      },
      "aspectratio": {
        "x": 1,
        "y": 1,
        "z": 1
      },
      "xaxis": {
        "title": "𝛕-innovation"
      },
      "yaxis": {
        "title": "𝛕-productivity"
      },
      "zaxis": {
        "title": "Returns to R&D"
      }
    },
    "scene": {
      "camera": {
        "eye": {
          "x": -1.5,
          "y": -1.5,
          "z": 0.5
        }
      },
      "aspectratio": {
        "x": 0.9,
        "y": 0.9,
        "z": 0.9
      },
      "xaxis": {
        "title": "𝛕-innovation"
      },
      "yaxis": {
        "title": "𝛕-productivity"
      },
      "zaxis": {
        "title": "Returns"
      }
    },
    "hovermode": "closest",
    "showlegend": true,
    "scene2": {
      "camera": {
        "eye": {
          "x": -1.5,
          "y": -1.5,
          "z": 0.5
        }
      },
      "aspectratio": {
        "x": 0.9,