{
  "visdat": {
    "5cc1dee8af0": ["function () ", "plotlyVisDat"]
  },
  "cur_data": "5cc1dee8af0",
  "attrs": {
    "5cc1dee8af0": {
      "x": [0.0833333333333333, 0.166666666666667, 0.25, 0.333333333333333, 0.416666666666667, 0.5, 0.583333333333333, 0.666666666666667, 0.75, 0.833333333333333, 0.916666666666667],
      "y": [0.0833333333333333, 0.166666666666667, 0.25, 0.333333333333333, 0.416666666666667, 0.5, 0.583333333333333, 0.666666666666667, 0.75, 0.833333333333333, 0.916666666666667],
      "z": [
        [0.00317683247756052, 0.00172726444910598, 0.00183987076141394, 0.00241306599548607, 0.00291285301854846, 0.00358806695583883, 0.00436884132670875, 0.00515712109639315, 0.00598477615618569, 0.00711651498883065, 0.00828638710825795],
        [0.00266301108921519, 0.00173372734394245, 0.00204422602233295, 0.0026975129125341, 0.00323814334828862, 0.00396244467102102, 0.00475828323757795, 0.00552922424609544, 0.00639380082308349, 0.00756189483652148, 0.00898294504249028],
        [0.00266301108921519, 0.00173372734394245, 0.00204422602233295, 0.0026975129125341, 0.00323814334828862, 0.00396244467102102, 0.00475828323757795, 0.00552922424609544, 0.00639380082308349, 0.00756189483652148, 0.00898294504249028],
        [0.00263562723124192, 0.00173148335962603, 0.00205154965589864, 0.00270878771310542, 0.00325139769668384, 0.00397781434256685, 0.00477386451788484, 0.00554394135584551, 0.00641091381217862, 0.00758089711824589, 0.00901471152436192],
        [0.0016604978944375, 0.00151176103175673, 0.0021196478384614, 0.0029004475825006, 0.00350289768205961, 0.00427759116011837, 0.00504924105782082, 0.00579178009106007, 0.00676719650880407, 0.00800185120142177, 0.009856585076832],
        [0.000695563278342468, 0.00107967646895835, 0.0018911890723335, 0.00276794660440452, 0.00341325880193, 0.00419419564624568, 0.0048926692819198, 0.00561292514124577, 0.00673115977880623, 0.00802580925895374, 0.0102454615449304],
        [-0.000371780343413648, 0.000416948963291766, 0.00138381111583929, 0.0023440602015935, 0.00302270680518779, 0.00377480036924302, 0.00435012399989034, 0.00505000727935023, 0.00635678392833583, 0.0077143517365701, 0.0102932321043161],
        [-0.0016118839595965, -0.000539849531675132, 0.000536857208357155, 0.00157121431582852, 0.00227436054428003, 0.00295680288791754, 0.00334637538196203, 0.00402691075593387, 0.00558364676118384, 0.0070108355267633, 0.00996218451706229],
        [-0.00319487271385952, -0.00198529973548665, -0.000853132686926885, 0.000248353856890066, 0.000965702237916615, 0.00151587990618823, 0.00161715423526214, 0.00227817721915475, 0.00419105521276977, 0.00570293852414427, 0.00907587292218052],
        [-0.00381528744307425, -0.00260764138988115, -0.0014748539902849, -0.00035390131378218, 0.000364760079657898, 0.000852298330391126, 0.000827828310392859, 0.00148249570081015, 0.00354419052714871, 0.00508822734301106, 0.00861297106423864],
        [-0.00407035906568984, -0.00287149312910961, -0.00174147176118604, -0.000613495082250764, 0.000105097625849957, 0.00056533751445176, 0.000487345572638465, 0.0011395848044554, 0.00326378414183251, 0.00482089138906506, 0.00840612844869632]
      ],
      "colorscale": "Jet",
      "showscale": false,
      "scene": "scene1",
      "alpha_stroke": 1,
      "sizes": [10, 100],
      "spans": [1, 20],
      "type": "surface"
    }
  },
  "layout": {
    "margin": {
      "b": 40,
      "l": 60,
      "t": 25,
      "r": 10
    },
    "scene1": {
      "camera": {
        "eye": {
          "x": -1.5,
          "y": -1.5,
          "z": 0.5
        }
      },
      "aspectratio": {
        "x": 1,
        "y": 1,
        "z": 1
      },
      "xaxis": {
        "title": "𝛕-innovation"
      },
      "yaxis": {
        "title": "𝛕-R&D"
      },
      "zaxis": {
        "title": "Returns to R&D"
      }
    },
    "scene": {
      "camera": {
        "eye": {
          "x": -1.5,
          "y": -1.5,
          "z": 0.5
        }
      },
      "aspectratio": {
        "x": 1,
        "y": 1,
        "z": 1
      },
      "xaxis": {
        "title": "𝛕-innovation"
      },
      "yaxis": {
        "title": "𝛕-R&D"
      },
      "zaxis": {
        "title": "Returns to R&D"
      }
    },
    "hovermode": "closest",
    "showlegend": false
  },
  "source": "A",
  "config": {
    "showSendToCloud": false
  },
  "data": [
    {
      "colorbar": {
        "title": "",
        "ticklen": 2
      },
      "colorscale": "Jet",
      "showscale": false,
      "x": [0.0833333333333333, 0.166666666666667, 0.25, 0.333333333333333, 0.416666666666667, 0.5, 0.583333333333333, 0.666666666666667, 0.75, 0.833333333333333, 0.916666666666667],
      "y": [0.0833333333333333, 0.166666666666667, 0.25, 0.333333333333333, 0.416666666666667, 0.5, 0.583333333333333, 0.666666666666667, 0.75, 0.833333333333333, 0.916666666666667],
      "z": [
        [0.00317683247756052, 0.00172726444910598, 0.00183987076141394, 0.00241306599548607, 0.00291285301854846, 0.00358806695583883, 0.00436884132670875, 0.00515712109639315, 0.00598477615618569, 0.00711651498883065, 0.00828638710825795],
        [0.00266301108921519, 0.00173372734394245, 0.00204422602233295, 0.0026975129125341, 0.00323814334828862, 0.00396244467102102, 0.00475828323757795, 0.00552922424609544, 0.00639380082308349, 0.00756189483652148, 0.00898294504249028],
        [0.00266301108921519, 0.00173372734394245, 0.00204422602233295, 0.0026975129125341, 0.00323814334828862, 0.00396244467102102, 0.00475828323757795, 0.00552922424609544, 0.00639380082308349, 0.00756189483652148, 0.00898294504249028],
        [0.00263562723124192, 0.00173148335962603, 0.00205154965589864, 0.00270878771310542, 0.00325139769668384, 0.00397781434256685, 0.00477386451788484, 0.00554394135584551, 0.00641091381217862, 0.00758089711824589, 0.00901471152436192],
        [0.0016604978944375, 0.00151176103175673, 0.0021196478384614, 0.0029004475825006, 0.00350289768205961, 0.00427759116011837, 0.00504924105782082, 0.00579178009106007, 0.00676719650880407, 0.00800185120142177, 0.009856585076832],
        [0.000695563278342468, 0.00107967646895835, 0.0018911890723335, 0.00276794660440452, 0.00341325880193, 0.00419419564624568, 0.0048926692819198, 0.00561292514124577, 0.00673115977880623, 0.00802580925895374, 0.0102454615449304],
        [-0.000371780343413648, 0.000416948963291766, 0.00138381111583929, 0.0023440602015935, 0.00302270680518779, 0.00377480036924302, 0.00435012399989034, 0.00505000727935023, 0.00635678392833583, 0.0077143517365701, 0.0102932321043161],
        [-0.0016118839595965, -0.000539849531675132, 0.000536857208357155, 0.00157121431582852, 0.00227436054428003, 0.00295680288791754, 0.00334637538196203, 0.00402691075593387, 0.00558364676118384, 0.0070108355267633, 0.00996218451706229],
        [-0.00319487271385952, -0.00198529973548665, -0.000853132686926885, 0.000248353856890066, 0.000965702237916615, 0.00151587990618823, 0.00161715423526214, 0.00227817721915475, 0.00419105521276977, 0.00570293852414427, 0.00907587292218052],
        [-0.00381528744307425, -0.00260764138988115, -0.0014748539902849, -0.00035390131378218, 0.000364760079657898, 0.000852298330391126, 0.000827828310392859, 0.00148249570081015, 0.00354419052714871, 0.00508822734301106, 0.00861297106423864],
        [-0.00407035906568984, -0.00287149312910961, -0.00174147176118604, -0.000613495082250764, 0.000105097625849957, 0.00056533751445176, 0.000487345572638465, 0.0011395848044554, 0.00326378414183251, 0.00482089138906506, 0.00840612844869632]
      ],
      "scene": "scene1",
      "type": "surface",
      "frame": null
    }
  ],
  "highlight": {
    "on": "plotly_click",
    "persistent": false,
    "dynamic": false,
    "selectize": false,
    "opacityDim": 0.2,
    "selected": {
      "opacity": 1
    },
    "debounce": 0
  },