{
  "visdat": {
    "5cc7a2c2ec1": ["function () ", "plotlyVisDat"]
  },
  "cur_data": "5cc7a2c2ec1",
  "attrs": {
    "5cc7a2c2ec1": {
      "x": [0.0833333333333333, 0.166666666666667, 0.25, 0.333333333333333, 0.416666666666667, 0.5, 0.583333333333333, 0.666666666666667, 0.75, 0.833333333333333, 0.916666666666667],
      "y": [0.0833333333333333, 0.166666666666667, 0.25, 0.333333333333333, 0.416666666666667, 0.5, 0.583333333333333, 0.666666666666667, 0.75, 0.833333333333333, 0.916666666666667],
      "z": [
        [-0.00345122671713372, -0.000241568413388054, 0.00240097484373282, 0.00447368725333719, 0.0059138662155127, 0.00726277743593723, 0.00845220103846652, 0.0100730094818821, 0.0120775048676622, 0.0150512081103751, 0.0203217057126697],
        [-0.00201908966473771, 0.000131266163181404, 0.00208106215461203, 0.00368545548318566, 0.00485318605731781, 0.00600008618960666, 0.00696106266452057, 0.00825431570210737, 0.00991787735532467, 0.0121328549582259, 0.0164580154960196],
        [-0.00142655779768624, 0.000209941134087474, 0.00180924831133545, 0.00319256095407615, 0.00421396541090971, 0.00524932291867458, 0.00606425256283641, 0.00714699165942099, 0.00865511171911232, 0.0104752527543651, 0.0142567423205101],
        [-0.0011692025652036, 0.00017093760519256, 0.00154935085608896, 0.00279513250303816, 0.00371047625410439, 0.00465678309989241, 0.00536296983566964, 0.00629478878990654, 0.0077333543550239, 0.00933521021558924, 0.0127283980767049],
        [-0.00113262845311186, 6.26371183826946e-05, 0.00130413790368963, 0.00246153738200584, 0.0032923736532897, 0.00415673029172193, 0.00478128745177614, 0.00561179625140353, 0.00705249381543696, 0.00858968378224533, 0.0117227527896406],
        [-0.00127299410741264, -8.82821110758725e-05, 0.00108601941304486, 0.00219229366894462, 0.00295304246924633, 0.00373453539598266, 0.00429884178257943, 0.00507583149365401, 0.00658720459560712, 0.0082164673119966, 0.0112209032371732],
        [-0.00157075310772849, -0.000260279336567389, 0.000911046533723061, 0.00199581452026415, 0.00269397747141559, 0.00338003991093793, 0.00389602613833387, 0.00466579040435182, 0.00631654709180178, 0.00821102985492517, 0.0112253062063449],
        [-0.00199578790836882, -0.00041359374138798, 0.00081799720328448, 0.00190345839780601, 0.00254046823375526, 0.00310380547867938, 0.00356787075791516, 0.00437383729542966, 0.00622213954402771, 0.00856659643912311, 0.0117336910138398],
        [-0.00250706988544393, -0.000482245983182738, 0.000870206575694896, 0.00196079493652708, 0.0025223317836464, 0.00289821362716296, 0.00326558029743922, 0.00413870568050349, 0.00621561220650102, 0.0092127357905159, 0.0126574686976758],
        [-0.00293971130669896, -0.000327721717386826, 0.00117000426959978, 0.00221798716030338, 0.00266221070726382, 0.00271851804194222, 0.00284376325036028, 0.00376195111195754, 0.00596857502616275, 0.00971716678846963, 0.013409972346437],
        [-0.00299080117778824, 9.22737129671903e-05, 0.00159463669116745, 0.00240360031880554, 0.00266079906756889, 0.00214953736050022, 0.0016297510772625, 0.00241743551722243, 0.00419531465507454, 0.0082309264320734, 0.0114683109000763]
      ],
      "colorscale": "Jet",
      "showscale": false,
      "scene": "scene1",
      "alpha_stroke": 1,
      "sizes": [10, 100],
      "spans": [1, 20],
      "type": "surface"
    }
  },
  "layout": {
    "margin": {
      "b": 40,
      "l": 60,
      "t": 25,
      "r": 10
    },
    "scene1": {
      "camera": {
        "eye": {
          "x": -1.5,
          "y": -1.5,
          "z": 0.5
        }
      },
      "aspectratio": {
        "x": 1,
        "y": 1,
        "z": 1
      },
      "xaxis": {
        "title": "𝛕-innovation"
      },
      "yaxis": {
        "title": "𝛕-productivity"
      },
      "zaxis": {
        "title": "Returns to R&D"
      }
    },
    "scene": {
      "camera": {
        "eye": {
          "x": -1.5,
          "y": -1.5,
          "z": 0.5
        }
      },
      "aspectratio": {
        "x": 1,
        "y": 1,
        "z": 1
      },
      "xaxis": {
        "title": "𝛕-innovation"
      },
      "yaxis": {
        "title": "𝛕-productivity"
      },
      "zaxis": {
        "title": "Returns to R&D"
      }
    },
    "hovermode": "closest",
    "showlegend": false
  },
  "source": "A",
  "config": {
    "showSendToCloud": false
  },
  "data": [
    {
      "colorbar": {
        "title": "",
        "ticklen": 2
      },
      "colorscale": "Jet",
      "showscale": false,
      "x": [0.0833333333333333, 0.166666666666667, 0.25, 0.333333333333333, 0.416666666666667, 0.5, 0.583333333333333, 0.666666666666667, 0.75, 0.833333333333333, 0.916666666666667],
      "y": [0.0833333333333333, 0.166666666666667, 0.25, 0.333333333333333, 0.416666666666667, 0.5, 0.583333333333333, 0.666666666666667, 0.75, 0.833333333333333, 0.916666666666667],
      "z": [
        [-0.00345122671713372, -0.000241568413388054, 0.00240097484373282, 0.00447368725333719, 0.0059138662155127, 0.00726277743593723, 0.00845220103846652, 0.0100730094818821, 0.0120775048676622, 0.0150512081103751, 0.0203217057126697],
        [-0.00201908966473771, 0.000131266163181404, 0.00208106215461203, 0.00368545548318566, 0.00485318605731781, 0.00600008618960666, 0.00696106266452057, 0.00825431570210737, 0.00991787735532467, 0.0121328549582259, 0.0164580154960196],
        [-0.00142655779768624, 0.000209941134087474, 0.00180924831133545, 0.00319256095407615, 0.00421396541090971, 0.00524932291867458, 0.00606425256283641, 0.00714699165942099, 0.00865511171911232, 0.0104752527543651, 0.0142567423205101],
        [-0.0011692025652036, 0.00017093760519256, 0.00154935085608896, 0.00279513250303816, 0.00371047625410439, 0.00465678309989241, 0.00536296983566964, 0.00629478878990654, 0.0077333543550239, 0.00933521021558924, 0.0127283980767049],
        [-0.00113262845311186, 6.26371183826946e-05, 0.00130413790368963, 0.00246153738200584, 0.0032923736532897, 0.00415673029172193, 0.00478128745177614, 0.00561179625140353, 0.00705249381543696, 0.00858968378224533, 0.0117227527896406],
        [-0.00127299410741264, -8.82821110758725e-05, 0.00108601941304486, 0.00219229366894462, 0.00295304246924633, 0.00373453539598266, 0.00429884178257943, 0.00507583149365401, 0.00658720459560712, 0.0082164673119966, 0.0112209032371732],
        [-0.00157075310772849, -0.000260279336567389, 0.000911046533723061, 0.00199581452026415, 0.00269397747141559, 0.00338003991093793, 0.00389602613833387, 0.00466579040435182, 0.00631654709180178, 0.00821102985492517, 0.0112253062063449],
        [-0.00199578790836882, -0.00041359374138798, 0.00081799720328448, 0.00190345839780601, 0.00254046823375526, 0.00310380547867938, 0.00356787075791516, 0.00437383729542966, 0.00622213954402771, 0.00856659643912311, 0.0117336910138398],
        [-0.00250706988544393, -0.000482245983182738, 0.000870206575694896, 0.00196079493652708, 0.0025223317836464, 0.00289821362716296, 0.00326558029743922, 0.00413870568050349, 0.00621561220650102, 0.0092127357905159, 0.0126574686976758],
        [-0.00293971130669896, -0.000327721717386826, 0.00117000426959978, 0.00221798716030338, 0.00266221070726382, 0.00271851804194222, 0.00284376325036028, 0.00376195111195754, 0.00596857502616275, 0.00971716678846963, 0.013409972346437],
        [-0.00299080117778824, 9.22737129671903e-05, 0.00159463669116745, 0.00240360031880554, 0.00266079906756889, 0.00214953736050022, 0.0016297510772625, 0.00241743551722243, 0.00419531465507454, 0.0082309264320734, 0.0114683109000763]
      ],
      "scene": "scene1",
      "type": "surface",
      "frame": null
    }
  ],
  "highlight": {
    "on": "plotly_click",
    "persistent": false,
    "dynamic": false,
    "selectize": false,
    "opacityDim": 0.2,
    "selected": {
      "opacity": 1
    },
    "debounce": 0
  },