{
  "visdat": {
    "5cc58feefa7": ["function () ", "plotlyVisDat"]
  },
  "cur_data": "5cc58feefa7",
  "attrs": {
    "5cc58feefa7": {
      "x": [0.0833333333333333, 0.166666666666667, 0.25, 0.333333333333333, 0.416666666666667, 0.5, 0.583333333333333, 0.666666666666667, 0.75, 0.833333333333333, 0.916666666666667],
      "y": [0.0833333333333333, 0.166666666666667, 0.25, 0.333333333333333, 0.416666666666667, 0.5, 0.583333333333333, 0.666666666666667, 0.75, 0.833333333333333, 0.916666666666667],
      "z": [
        [0.916405276598558, 0.925815463542755, 0.928168787162127, 0.929063375158501, 0.929005796887719, 0.929937486688993, 0.928431740531555, 0.924803868235682, 0.923125177838041, 0.916444388522358, 0.904236137623702],
        [0.904450468517466, 0.909663754139263, 0.910791258495384, 0.91162237907972, 0.91237329938497, 0.913750272268776, 0.913112810446472, 0.909410197944324, 0.906183798908619, 0.899028411207393, 0.887266905262088],
        [0.898453599395962, 0.901337769064235, 0.901796719950452, 0.902554041417427, 0.903531439312694, 0.904953533163494, 0.904732863756761, 0.900768191017977, 0.896801557006747, 0.889460126646563, 0.877056112151064],
        [0.893567001685109, 0.895693863762914, 0.896209315826716, 0.897223571451169, 0.898389046565082, 0.899837901213681, 0.90004932242296, 0.896032379610945, 0.892034223176466, 0.885360317232553, 0.872700339186584],
        [0.888462798171034, 0.891220600381032, 0.892507689222925, 0.894155897447788, 0.895617148478419, 0.897165492343222, 0.897940709732091, 0.894205368991459, 0.890826978384089, 0.885779745652992, 0.87367236161472],
        [0.882621416844388, 0.887292819532689, 0.890046941363143, 0.892705580134139, 0.894633546755357, 0.896381004481846, 0.897874074156326, 0.894813412109403, 0.892650521769917, 0.89017726945098, 0.879588219690671],
        [0.875625462310329, 0.883486668054724, 0.888436569767397, 0.892495793031007, 0.89511522218991, 0.897165497761043, 0.899522086339735, 0.897588831472873, 0.897198504852494, 0.898232598685627, 0.890200612410104],
        [0.867466071835753, 0.879660269298991, 0.887484629135886, 0.893270597288342, 0.896827896510592, 0.899248822913507, 0.902509593191808, 0.902162219121545, 0.903931380074437, 0.909115942413516, 0.90449907027981],
        [0.857991698824053, 0.875546494836106, 0.886930314798282, 0.894693089126983, 0.899489372794181, 0.902271369257603, 0.906271866542748, 0.908003648129159, 0.912035424474821, 0.921481128157996, 0.92069327349054],
        [0.848250845283496, 0.871110716651438, 0.886263120542464, 0.895786391295965, 0.902077117633253, 0.904982794553812, 0.908966655337178, 0.913065363190183, 0.918464814579351, 0.93023016420282, 0.931822372174449],
        [0.84128788557496, 0.866004883956603, 0.883766259752207, 0.893607356440554, 0.901529995811154, 0.903967005671682, 0.906027192734851, 0.912385931008551, 0.916023158611873, 0.922451177845065, 0.919816491926662]
      ],
      "colorscale": "Jet",
      "showscale": false,
      "scene": "scene1",
      "alpha_stroke": 1,
      "sizes": [10, 100],
      "spans": [1, 20],
      "type": "surface"
    }
  },
  "layout": {
    "margin": {
      "b": 40,
      "l": 60,
      "t": 25,
      "r": 10
    },
    "scene1": {
      "camera": {
        "eye": {
          "x": -1.5,
          "y": -1.5,
          "z": 0.5
        }
      },
      "aspectratio": {
        "x": 1,
        "y": 1,
        "z": 1
      },
      "xaxis": {
        "title": "𝛕-innovation"
      },
      "yaxis": {
        "title": "𝛕-productivity"
      },
      "zaxis": {
        "title": "Persistence R&D"
      }
    },
    "scene": {
      "camera": {
        "eye": {
          "x": -1.5,
          "y": -1.5,
          "z": 0.5
        }
      },
      "aspectratio": {
        "x": 1,
        "y": 1,
        "z": 1
      },
      "xaxis": {
        "title": "𝛕-innovation"
      },
      "yaxis": {
        "title": "𝛕-productivity"
      },
      "zaxis": {
        "title": "Persistence R&D"
      }
    },
    "hovermode": "closest",
    "showlegend": false
  },
  "source": "A",
  "config": {
    "showSendToCloud": false
  },
  "data": [
    {
      "colorbar": {
        "title": "",
        "ticklen": 2
      },
      "colorscale": "Jet",
      "showscale": false,
      "x": [0.0833333333333333, 0.166666666666667, 0.25, 0.333333333333333, 0.416666666666667, 0.5, 0.583333333333333, 0.666666666666667, 0.75, 0.833333333333333, 0.916666666666667],
      "y": [0.0833333333333333, 0.166666666666667, 0.25, 0.333333333333333, 0.416666666666667, 0.5, 0.583333333333333, 0.666666666666667, 0.75, 0.833333333333333, 0.916666666666667],
      "z": [
        [0.916405276598558, 0.925815463542755, 0.928168787162127, 0.929063375158501, 0.929005796887719, 0.929937486688993, 0.928431740531555, 0.924803868235682, 0.923125177838041, 0.916444388522358, 0.904236137623702],
        [0.904450468517466, 0.909663754139263, 0.910791258495384, 0.91162237907972, 0.91237329938497, 0.913750272268776, 0.913112810446472, 0.909410197944324, 0.906183798908619, 0.899028411207393, 0.887266905262088],
        [0.898453599395962, 0.901337769064235, 0.901796719950452, 0.902554041417427, 0.903531439312694, 0.904953533163494, 0.904732863756761, 0.900768191017977, 0.896801557006747, 0.889460126646563, 0.877056112151064],
        [0.893567001685109, 0.895693863762914, 0.896209315826716, 0.897223571451169, 0.898389046565082, 0.899837901213681, 0.90004932242296, 0.896032379610945, 0.892034223176466, 0.885360317232553, 0.872700339186584],
        [0.888462798171034, 0.891220600381032, 0.892507689222925, 0.894155897447788, 0.895617148478419, 0.897165492343222, 0.897940709732091, 0.894205368991459, 0.890826978384089, 0.885779745652992, 0.87367236161472],
        [0.882621416844388, 0.887292819532689, 0.890046941363143, 0.892705580134139, 0.894633546755357, 0.896381004481846, 0.897874074156326, 0.894813412109403, 0.892650521769917, 0.89017726945098, 0.879588219690671],
        [0.875625462310329, 0.883486668054724, 0.888436569767397, 0.892495793031007, 0.89511522218991, 0.897165497761043, 0.899522086339735, 0.897588831472873, 0.897198504852494, 0.898232598685627, 0.890200612410104],
        [0.867466071835753, 0.879660269298991, 0.887484629135886, 0.893270597288342, 0.896827896510592, 0.899248822913507, 0.902509593191808, 0.902162219121545, 0.903931380074437, 0.909115942413516, 0.90449907027981],
        [0.857991698824053, 0.875546494836106, 0.886930314798282, 0.894693089126983, 0.899489372794181, 0.902271369257603, 0.906271866542748, 0.908003648129159, 0.912035424474821, 0.921481128157996, 0.92069327349054],
        [0.848250845283496, 0.871110716651438, 0.886263120542464, 0.895786391295965, 0.902077117633253, 0.904982794553812, 0.908966655337178, 0.913065363190183, 0.918464814579351, 0.93023016420282, 0.931822372174449],
        [0.84128788557496, 0.866004883956603, 0.883766259752207, 0.893607356440554, 0.901529995811154, 0.903967005671682, 0.906027192734851, 0.912385931008551, 0.916023158611873, 0.922451177845065, 0.919816491926662]
      ],
      "scene": "scene1",
      "type": "surface",
      "frame": null
    }
  ],
  "highlight": {
    "on": "plotly_click",
    "persistent": false,
    "dynamic": false,
    "selectize": false,
    "opacityDim": 0.2,
    "selected": {
      "opacity": 1
    },
    "debounce": 0
  },
  "shinyEvents": ["plotly_hover", "plotly_click", "plotly_selected", "plotly_relayout", "plotly_brushed", "plotly_brushing", "plotly_clickannotation", "plotly_doubleclick", "plotly_deselect", "plotly_afterplot", "plotly_sunburstclick"],
  "base_url": "https://plot.ly"
}
