{
  "visdat": {
    "5cc59e6ac": ["function () ", "plotlyVisDat"]
  },
  "cur_data": "5cc59e6ac",
  "attrs": {
    "5cc59e6ac": {
      "x": [0.0833333333333333, 0.166666666666667, 0.25, 0.333333333333333, 0.416666666666667, 0.5, 0.583333333333333, 0.666666666666667, 0.75, 0.833333333333333, 0.916666666666667],
      "y": [0.0833333333333333, 0.166666666666667, 0.25, 0.333333333333333, 0.416666666666667, 0.5, 0.583333333333333, 0.666666666666667, 0.75, 0.833333333333333, 0.916666666666667],
      "z": [
        [0.0622603195320647, 0.0509579526073732, 0.0485192508412936, 0.0460597897170705, 0.0487370245495881, 0.051308666026909, 0.0548382279696811, 0.0551195775247756, 0.0549786385664517, 0.0525696574626955, 0.0361587030857701],
        [0.126168193086553, 0.116413870818803, 0.113270986981723, 0.110156027867783, 0.112348668552202, 0.114391022069153, 0.118491493944545, 0.120092320909831, 0.121848734779481, 0.122325917051733, 0.112964446827799],
        [0.173669899949906, 0.165923773582311, 0.162649245117264, 0.15923494023505, 0.160986102946184, 0.162414518486808, 0.166441126256269, 0.168486178363877, 0.170994806260801, 0.172836190969375, 0.168435687649716],
        [0.215405773980111, 0.210102284948253, 0.206977349942449, 0.203585941926108, 0.204966485808133, 0.205830159497689, 0.209436660603862, 0.21143263405626, 0.214051513658277, 0.216558868281373, 0.216503430770839],
        [0.25444600676423, 0.251852992412188, 0.248987054333515, 0.245942534921879, 0.247073974698909, 0.247552038269553, 0.250583923601271, 0.252242221027759, 0.254586514136035, 0.257473006246296, 0.261693271834679],
        [0.293206187422911, 0.293473278779364, 0.290843636337945, 0.288482789766734, 0.289530379689279, 0.289910216605887, 0.292358778915143, 0.293542864288267, 0.295418262135022, 0.298714339755444, 0.307579710799648],
        [0.333239135515552, 0.336412072493246, 0.33389096580006, 0.332575457136909, 0.333748737054493, 0.334419213655671, 0.336392117292546, 0.337078162766985, 0.338429234735444, 0.342408819036961, 0.356614106141338],
        [0.376739190363119, 0.38287227087969, 0.380252471852394, 0.38041928094707, 0.381979277179297, 0.383439353767757, 0.385120175107132, 0.385345747659077, 0.386192744866478, 0.391336098304302, 0.411994652899734],
        [0.389214592575406, 0.396154890329127, 0.393465336313884, 0.394117111991517, 0.395832944214583, 0.397605097237373, 0.399245886572125, 0.399357929827595, 0.400077191447405, 0.405635026951165, 0.428261758360345],
        [0.403307970455511, 0.411140921237816, 0.408352664183628, 0.409582303973659, 0.411496330694743, 0.413663133277527, 0.41527955391283, 0.415271633892281, 0.415853835497705, 0.421918635236928, 0.446826583112721],
        [0.408025571749694, 0.416153351520856, 0.413327702135185, 0.414757718433545, 0.416743106279191, 0.419051518900195, 0.420664300626979, 0.420617854356217, 0.421155507886096, 0.427398468950647, 0.453083086534008]
      ],
      "colorscale": "Jet",
      "showscale": false,
      "scene": "scene1",
      "alpha_stroke": 1,
      "sizes": [10, 100],
      "spans": [1, 20],
      "type": "surface"
    }
  },
  "layout": {
    "margin": {
      "b": 40,
      "l": 60,
      "t": 25,
      "r": 10
    },
    "scene1": {
      "camera": {
        "eye": {
          "x": -1.5,
          "y": -1.5,
          "z": 0.5
        }
      },
      "aspectratio": {
        "x": 1,
        "y": 1,
        "z": 1
      },
      "xaxis": {
        "title": "𝛕-output"
      },
      "yaxis": {
        "title": "𝛕-capital"
      },
      "zaxis": {
        "title": "Capital Efficiency"
      }
    },
    "scene": {
      "camera": {
        "eye": {
          "x": -1.5,
          "y": -1.5,
          "z": 0.5
        }
      },
      "aspectratio": {
        "x": 1,
        "y": 1,
        "z": 1
      },
      "xaxis": {
        "title": "𝛕-output"
      },
      "yaxis": {
        "title": "𝛕-capital"
      },
      "zaxis": {
        "title": "Capital Efficiency"
      }
    },
    "hovermode": "closest",
    "showlegend": false
  },
  "source": "A",
  "config": {
    "showSendToCloud": false
  },
  "data": [
    {
      "colorbar": {
        "title": "",
        "ticklen": 2
      },
      "colorscale": "Jet",
      "showscale": false,
      "x": [0.0833333333333333, 0.166666666666667, 0.25, 0.333333333333333, 0.416666666666667, 0.5, 0.583333333333333, 0.666666666666667, 0.75, 0.833333333333333, 0.916666666666667],
      "y": [0.0833333333333333, 0.166666666666667, 0.25, 0.333333333333333, 0.416666666666667, 0.5, 0.583333333333333, 0.666666666666667, 0.75, 0.833333333333333, 0.916666666666667],
      "z": [
        [0.0622603195320647, 0.0509579526073732, 0.0485192508412936, 0.0460597897170705, 0.0487370245495881, 0.051308666026909, 0.0548382279696811, 0.0551195775247756, 0.0549786385664517, 0.0525696574626955, 0.0361587030857701],
        [0.126168193086553, 0.116413870818803, 0.113270986981723, 0.110156027867783, 0.112348668552202, 0.114391022069153, 0.118491493944545, 0.120092320909831, 0.121848734779481, 0.122325917051733, 0.112964446827799],
        [0.173669899949906, 0.165923773582311, 0.162649245117264, 0.15923494023505, 0.160986102946184, 0.162414518486808, 0.166441126256269, 0.168486178363877, 0.170994806260801, 0.172836190969375, 0.168435687649716],
        [0.215405773980111, 0.210102284948253, 0.206977349942449, 0.203585941926108, 0.204966485808133, 0.205830159497689, 0.209436660603862, 0.21143263405626, 0.214051513658277, 0.216558868281373, 0.216503430770839],
        [0.25444600676423, 0.251852992412188, 0.248987054333515, 0.245942534921879, 0.247073974698909, 0.247552038269553, 0.250583923601271, 0.252242221027759, 0.254586514136035, 0.257473006246296, 0.261693271834679],
        [0.293206187422911, 0.293473278779364, 0.290843636337945, 0.288482789766734, 0.289530379689279, 0.289910216605887, 0.292358778915143, 0.293542864288267, 0.295418262135022, 0.298714339755444, 0.307579710799648],
        [0.333239135515552, 0.336412072493246, 0.33389096580006, 0.332575457136909, 0.333748737054493, 0.334419213655671, 0.336392117292546, 0.337078162766985, 0.338429234735444, 0.342408819036961, 0.356614106141338],
        [0.376739190363119, 0.38287227087969, 0.380252471852394, 0.38041928094707, 0.381979277179297, 0.383439353767757, 0.385120175107132, 0.385345747659077, 0.386192744866478, 0.391336098304302, 0.411994652899734],
        [0.389214592575406, 0.396154890329127, 0.393465336313884, 0.394117111991517, 0.395832944214583, 0.397605097237373, 0.399245886572125, 0.399357929827595, 0.400077191447405, 0.405635026951165, 0.428261758360345],
        [0.403307970455511, 0.411140921237816, 0.408352664183628, 0.409582303973659, 0.411496330694743, 0.413663133277527, 0.41527955391283, 0.415271633892281, 0.415853835497705, 0.421918635236928, 0.446826583112721],
        [0.408025571749694, 0.416153351520856, 0.413327702135185, 0.414757718433545, 0.416743106279191, 0.419051518900195, 0.420664300626979, 0.420617854356217, 0.421155507886096, 0.427398468950647, 0.453083086534008]
      ],
      "scene": "scene1",
      "type": "surface",
      "frame": null
    }
  ],
  "highlight": {
    "on": "plotly_click",
    "persistent": false,
    "dynamic": false,
    "selectize": false,
    "opacityDim": 0.2,
    "selected": {
      "opacity": 1
    },
    "debounce": 0
  },
  "shinyEvents": ["plotly_hover", "plotly_click", "plotly_selected", "plotly_relayout", "plotly_brushed", "plotly_brushing", "plotly_clickannotation", "plotly_doubleclick", "plotly_deselect", "plotly_afterplot", "plotly_sunburstclick"],
  "base_url": "https://plot.ly"
}
