{
  "visdat": {
    "5cc2be76c14": ["function () ", "plotlyVisDat"]
  },
  "cur_data": "5cc2be76c14",
  "attrs": {
    "5cc2be76c14": {
      "x": [0.0833333333333333, 0.166666666666667, 0.25, 0.333333333333333, 0.416666666666667, 0.5, 0.583333333333333, 0.666666666666667, 0.75, 0.833333333333333, 0.916666666666667],
      "y": [0.0833333333333333, 0.166666666666667, 0.25, 0.333333333333333, 0.416666666666667, 0.5, 0.583333333333333, 0.666666666666667, 0.75, 0.833333333333333, 0.916666666666667],
      "z": [
        [0.0515289309478815, 0.0494452537185876, 0.0420386060825739, 0.0285392747122806, 0.0152281924393612, 0.00391536445929666, -0.00103688121672136, -0.000186800687209325, -0.00172760455872263, -0.00930524083468655, -0.0325764087604695],
        [0.0563973756689702, 0.0554074293397351, 0.0485097636333953, 0.0360672310490093, 0.0226838195255193, 0.0111648255736233, 0.0043755186618984, 0.00217865000122947, -0.00347054078140797, -0.0154686561770425, -0.0417717971089719],
        [0.0598355492922215, 0.0596336180117376, 0.053101442105821, 0.041417987511424, 0.027986057115684, 0.0163236905683838, 0.0082250671130342, 0.00385567177973158, -0.00472459683816019, -0.0198739990487976, -0.0483336048708077],
        [0.0625127815629916, 0.062933755432753, 0.0566897754012091, 0.04560499275712, 0.0321368072846532, 0.0203641249109399, 0.0112388442063461, 0.00516540593651461, -0.00571490220385518, -0.0233356994929899, -0.0534835740342036],
        [0.0647661188796363, 0.065717869841131, 0.0597189694461514, 0.0491433786573293, 0.0356457450972972, 0.0237811402049553, 0.0137867778532803, 0.00627047358958831, -0.00655805692274686, -0.0262712194232959, -0.0578463989644952],
        [0.0671918166596095, 0.0687217634861729, 0.0629893279242571, 0.0529674490972209, 0.0394392341288658, 0.0274766477892403, 0.0165415028080211, 0.00746291071464623, -0.0074758289265151, -0.0294542836078417, -0.0625726027034132],
        [0.0694243105161152, 0.0714928106669796, 0.0660080968503181, 0.05650106478871, 0.0429457562654441, 0.030893906607674, 0.0190880005917768, 0.00856304277267241, -0.00833001776872577, -0.0324054439014944, -0.0669502523292922],
        [0.0711474716279633, 0.0736359603633768, 0.0683441171442983, 0.0592379882680695, 0.0456624738038898, 0.0335423394857268, 0.0210610354750818, 0.00941397833564274, -0.00899571660388172, -0.034697828721827, -0.0703478819817992],
        [0.0729666094882367, 0.0759026387782152, 0.0708160182547337, 0.0621365205180676, 0.0485403573637872, 0.0363487281608307, 0.0231512213510331, 0.0103140426265263, -0.00970466857976929, -0.0371319260929709, -0.0739528455768273],
        [0.075588699319533, 0.0791775090802113, 0.0743896742269986, 0.0663314096600546, 0.0527067473453707, 0.040413163885679, 0.0261774301693413, 0.0116145960006543, -0.0107379762127822, -0.0406663857942921, -0.079182499756126],
        [0.0799210849025066, 0.0846090887252134, 0.0803229093062507, 0.0733079402471789, 0.0596395754729731, 0.047180478037519, 0.031213516217985, 0.0137720498947531, -0.0124758978040163, -0.0465758334482244, -0.0879129988241867]
      ],
      "colorscale": "Jet",
      "showscale": false,
      "scene": "scene2",
      "alpha_stroke": 1,
      "sizes": [10, 100],
      "spans": [1, 20],
      "type": "surface"
    }
  },
  "layout": {
    "margin": {
      "b": 40,
      "l": 60,
      "t": 25,
      "r": 10
    },
    "scene2": {
      "camera": {
        "eye": {
          "x": -1.5,
          "y": -1.5,
          "z": 0.5
        }
      },
      "aspectratio": {
        "x": 1,
        "y": 1,
        "z": 1
      },
      "xaxis": {
        "title": "𝛕-output"
      },
      "yaxis": {
        "title": "𝛕-labor"
      },
      "zaxis": {
        "title": "Labor Efficiency"
      }
    },
    "scene": {
      "camera": {
        "eye": {
          "x": -1.5,
          "y": -1.5,
          "z": 0.5
        }
      },
      "aspectratio": {
        "x": 1,
        "y": 1,
        "z": 1
      },
      "xaxis": {
        "title": "𝛕-output"
      },
      "yaxis": {
        "title": "𝛕-labor"
      },
      "zaxis": {
        "title": "Labor Efficiency"
      }
    },
    "hovermode": "closest",
    "showlegend": false
  },
  "source": "A",
  "config": {
    "showSendToCloud": false
  },
  "data": [
    {
      "colorbar": {
        "title": "",
        "ticklen": 2
      },
      "colorscale": "Jet",
      "showscale": false,
      "x": [0.0833333333333333, 0.166666666666667, 0.25, 0.333333333333333, 0.416666666666667, 0.5, 0.583333333333333, 0.666666666666667, 0.75, 0.833333333333333, 0.916666666666667],
      "y": [0.0833333333333333, 0.166666666666667, 0.25, 0.333333333333333, 0.416666666666667, 0.5, 0.583333333333333, 0.666666666666667, 0.75, 0.833333333333333, 0.916666666666667],
      "z": [
        [0.0515289309478815, 0.0494452537185876, 0.0420386060825739, 0.0285392747122806, 0.0152281924393612, 0.00391536445929666, -0.00103688121672136, -0.000186800687209325, -0.00172760455872263, -0.00930524083468655, -0.0325764087604695],
        [0.0563973756689702, 0.0554074293397351, 0.0485097636333953, 0.0360672310490093, 0.0226838195255193, 0.0111648255736233, 0.0043755186618984, 0.00217865000122947, -0.00347054078140797, -0.0154686561770425, -0.0417717971089719],
        [0.0598355492922215, 0.0596336180117376, 0.053101442105821, 0.041417987511424, 0.027986057115684, 0.0163236905683838, 0.0082250671130342, 0.00385567177973158, -0.00472459683816019, -0.0198739990487976, -0.0483336048708077],
        [0.0625127815629916, 0.062933755432753, 0.0566897754012091, 0.04560499275712, 0.0321368072846532, 0.0203641249109399, 0.0112388442063461, 0.00516540593651461, -0.00571490220385518, -0.0233356994929899, -0.0534835740342036],
        [0.0647661188796363, 0.065717869841131, 0.0597189694461514, 0.0491433786573293, 0.0356457450972972, 0.0237811402049553, 0.0137867778532803, 0.00627047358958831, -0.00655805692274686, -0.0262712194232959, -0.0578463989644952],
        [0.0671918166596095, 0.0687217634861729, 0.0629893279242571, 0.0529674490972209, 0.0394392341288658, 0.0274766477892403, 0.0165415028080211, 0.00746291071464623, -0.0074758289265151, -0.0294542836078417, -0.0625726027034132],
        [0.0694243105161152, 0.0714928106669796, 0.0660080968503181, 0.05650106478871, 0.0429457562654441, 0.030893906607674, 0.0190880005917768, 0.00856304277267241, -0.00833001776872577, -0.0324054439014944, -0.0669502523292922],
        [0.0711474716279633, 0.0736359603633768, 0.0683441171442983, 0.0592379882680695, 0.0456624738038898, 0.0335423394857268, 0.0210610354750818, 0.00941397833564274, -0.00899571660388172, -0.034697828721827, -0.0703478819817992],
        [0.0729666094882367, 0.0759026387782152, 0.0708160182547337, 0.0621365205180676, 0.0485403573637872, 0.0363487281608307, 0.0231512213510331, 0.0103140426265263, -0.00970466857976929, -0.0371319260929709, -0.0739528455768273],
        [0.075588699319533, 0.0791775090802113, 0.0743896742269986, 0.0663314096600546, 0.0527067473453707, 0.040413163885679, 0.0261774301693413, 0.0116145960006543, -0.0107379762127822, -0.0406663857942921, -0.079182499756126],
        [0.0799210849025066, 0.0846090887252134, 0.0803229093062507, 0.0733079402471789, 0.0596395754729731, 0.047180478037519, 0.031213516217985, 0.0137720498947531, -0.0124758978040163, -0.0465758334482244, -0.0879129988241867]
      ],
      "scene": "scene2",
      "type": "surface",
      "frame": null
    }
  ],
  "highlight": {
    "on": "plotly_click",
    "persistent": false,
    "dynamic": false,
    "selectize": false,
    "opacityDim": 0.2,
    "selected": {
      "opacity": 1
    },
    "debounce": 0
  },
  "shinyEvents": ["plotly_hover", "plotly_click", "plotly_selected", "plotly_relayout", "plotly_brushed", "plotly_brushing", "plotly_clickannotation", "plotly_doubleclick", "plotly_deselect", "plotly_afterplot", "plotly_sunburstclick"],
  "base_url": "https://plot.ly"
}
