{
  "visdat": {
    "5cc48a7fcce": ["function () ", "plotlyVisDat"]
  },
  "cur_data": "5cc48a7fcce",
  "attrs": {
    "5cc48a7fcce": {
      "x": [0.0833333333333333, 0.166666666666667, 0.25, 0.333333333333333, 0.416666666666667, 0.5, 0.583333333333333, 0.666666666666667, 0.75, 0.833333333333333, 0.916666666666667],
      "y": [0.0833333333333333, 0.166666666666667, 0.25, 0.333333333333333, 0.416666666666667, 0.5, 0.583333333333333, 0.666666666666667, 0.75, 0.833333333333333, 0.916666666666667],
      "z": [
        [-0.429870708955832, -0.418087559837616, -0.403718670672442, -0.388402407631076, -0.372308099080419, -0.356273321802819, -0.342275059666852, -0.327433656537755, -0.310318235126804, -0.288577079161614, -0.253927824834935],
        [-0.419763827281145, -0.410184727048476, -0.396513497354688, -0.381386685028471, -0.365311029932598, -0.348977718768961, -0.334792902040666, -0.320291874186432, -0.303462368047909, -0.281849407481401, -0.247636947531789],
        [-0.413572567576134, -0.405343620584809, -0.392099762172495, -0.377089003305351, -0.361024774917207, -0.344508588275388, -0.330209492190962, -0.315916970955453, -0.299262610402107, -0.27772817959698, -0.243783290547391],
        [-0.409019508758766, -0.401783465863408, -0.388853896735362, -0.373928483702554, -0.357872658527143, -0.341221985068731, -0.326838847827115, -0.312699662575574, -0.296174104267476, -0.27469742433043, -0.240949307198619],
        [-0.405120440374944, -0.398734683215844, -0.386074259614095, -0.371221933544952, -0.355173304564979, -0.338407461653316, -0.32395235472449, -0.309944480644442, -0.293529223736426, -0.27210199947147, -0.238522390411749],
        [-0.401483597473137, -0.395890941470521, -0.383481562451865, -0.368697408001903, -0.352655491248985, -0.335782224417727, -0.321259988005569, -0.307374593978439, -0.291062220329821, -0.269681125676425, -0.236258691953363],
        [-0.398066302043279, -0.393218869584996, -0.381045380190845, -0.366325282003131, -0.350289672276242, -0.333315466449431, -0.318730152999636, -0.304959845198769, -0.288744143994258, -0.267406394218554, -0.234131647534541],
        [-0.394547252794361, -0.390467233750513, -0.378536657860033, -0.363882523281898, -0.347853408379837, -0.330775257985231, -0.316124989307984, -0.302473194555346, -0.286357044325812, -0.265063930070338, -0.231941267973245],
        [-0.390961092114797, -0.387663121748631, -0.375980091940567, -0.361393178957308, -0.34537068274222, -0.328186605463529, -0.313470142804286, -0.299939121250177, -0.283924420522149, -0.262676793026374, -0.229709115905905],
        [-0.386948637820878, -0.384525679718581, -0.37311962225785, -0.358607921625932, -0.342592830873494, -0.325290234984269, -0.310499709740826, -0.297103817920806, -0.281202626185905, -0.260005892545867, -0.227211623755508],
        [-0.381446892211487, -0.380223722201031, -0.369197440130683, -0.354788868205899, -0.338783931580743, -0.321318826863412, -0.306426749435795, -0.293216143071201, -0.277470591141471, -0.256343641485706, -0.223787144505049]
      ],
      "colorscale": "Jet",
      "showscale": false,
      "scene": "scene3",
      "alpha_stroke": 1,
      "sizes": [10, 100],
      "spans": [1, 20],
      "type": "surface"
    }
  },
  "layout": {
    "margin": {
      "b": 40,
      "l": 60,
      "t": 25,
      "r": 10
    },
    "scene3": {
      "camera": {
        "eye": {
          "x": -1.5,
          "y": -1.5,
          "z": 0.5
        }
      },
      "aspectratio": {
        "x": 1,
        "y": 1,
        "z": 1
      },
      "xaxis": {
        "title": "𝛕-output"
      },
      "yaxis": {
        "title": "𝛕-materials"
      },
      "zaxis": {
        "title": "Materials Efficiency"
      }
    },
    "scene": {
      "camera": {
        "eye": {
          "x": -1.5,
          "y": -1.5,
          "z": 0.5
        }
      },
      "aspectratio": {
        "x": 1,
        "y": 1,
        "z": 1
      },
      "xaxis": {
        "title": "𝛕-output"
      },
      "yaxis": {
        "title": "𝛕-materials"
      },
      "zaxis": {
        "title": "Materials Efficiency"
      }
    },
    "hovermode": "closest",
    "showlegend": false
  },
  "source": "A",
  "config": {
    "showSendToCloud": false
  },
  "data": [
    {
      "colorbar": {
        "title": "",
        "ticklen": 2
      },
      "colorscale": "Jet",
      "showscale": false,
      "x": [0.0833333333333333, 0.166666666666667, 0.25, 0.333333333333333, 0.416666666666667, 0.5, 0.583333333333333, 0.666666666666667, 0.75, 0.833333333333333, 0.916666666666667],
      "y": [0.0833333333333333, 0.166666666666667, 0.25, 0.333333333333333, 0.416666666666667, 0.5, 0.583333333333333, 0.666666666666667, 0.75, 0.833333333333333, 0.916666666666667],
      "z": [
        [-0.429870708955832, -0.418087559837616, -0.403718670672442, -0.388402407631076, -0.372308099080419, -0.356273321802819, -0.342275059666852, -0.327433656537755, -0.310318235126804, -0.288577079161614, -0.253927824834935],
        [-0.419763827281145, -0.410184727048476, -0.396513497354688, -0.381386685028471, -0.365311029932598, -0.348977718768961, -0.334792902040666, -0.320291874186432, -0.303462368047909, -0.281849407481401, -0.247636947531789],
        [-0.413572567576134, -0.405343620584809, -0.392099762172495, -0.377089003305351, -0.361024774917207, -0.344508588275388, -0.330209492190962, -0.315916970955453, -0.299262610402107, -0.27772817959698, -0.243783290547391],
        [-0.409019508758766, -0.401783465863408, -0.388853896735362, -0.373928483702554, -0.357872658527143, -0.341221985068731, -0.326838847827115, -0.312699662575574, -0.296174104267476, -0.27469742433043, -0.240949307198619],
        [-0.405120440374944, -0.398734683215844, -0.386074259614095, -0.371221933544952, -0.355173304564979, -0.338407461653316, -0.32395235472449, -0.309944480644442, -0.293529223736426, -0.27210199947147, -0.238522390411749],
        [-0.401483597473137, -0.395890941470521, -0.383481562451865, -0.368697408001903, -0.352655491248985, -0.335782224417727, -0.321259988005569, -0.307374593978439, -0.291062220329821, -0.269681125676425, -0.236258691953363],
        [-0.398066302043279, -0.393218869584996, -0.381045380190845, -0.366325282003131, -0.350289672276242, -0.333315466449431, -0.318730152999636, -0.304959845198769, -0.288744143994258, -0.267406394218554, -0.234131647534541],
        [-0.394547252794361, -0.390467233750513, -0.378536657860033, -0.363882523281898, -0.347853408379837, -0.330775257985231, -0.316124989307984, -0.302473194555346, -0.286357044325812, -0.265063930070338, -0.231941267973245],
        [-0.390961092114797, -0.387663121748631, -0.375980091940567, -0.361393178957308, -0.34537068274222, -0.328186605463529, -0.313470142804286, -0.299939121250177, -0.283924420522149, -0.262676793026374, -0.229709115905905],
        [-0.386948637820878, -0.384525679718581, -0.37311962225785, -0.358607921625932, -0.342592830873494, -0.325290234984269, -0.310499709740826, -0.297103817920806, -0.281202626185905, -0.260005892545867, -0.227211623755508],
        [-0.381446892211487, -0.380223722201031, -0.369197440130683, -0.354788868205899, -0.338783931580743, -0.321318826863412, -0.306426749435795, -0.293216143071201, -0.277470591141471, -0.256343641485706, -0.223787144505049]
      ],
      "scene": "scene3",
      "type": "surface",
      "frame": null
    }
  ],
  "highlight": {
    "on": "plotly_click",
    "persistent": false,
    "dynamic": false,
    "selectize": false,
    "opacityDim": 0.2,
    "selected": {
      "opacity": 1
    },
    "debounce": 0
  },
  "shinyEvents": ["plotly_hover", "plotly_click", "plotly_selected", "plotly_relayout", "plotly_brushed", "plotly_brushing", "plotly_clickannotation", "plotly_doubleclick", "plotly_deselect", "plotly_afterplot", "plotly_sunburstclick"],
  "base_url": "https://plot.ly"
}
