{
  "visdat": {
    "5cce372662": ["function () ", "plotlyVisDat"]
  },
  "cur_data": "5cce372662",
  "attrs": {
    "5cce372662": {
      "x": [0.0833333333333333, 0.166666666666667, 0.25, 0.333333333333333, 0.416666666666667, 0.5, 0.583333333333333, 0.666666666666667, 0.75, 0.833333333333333, 0.916666666666667],
      "y": [0.0833333333333333, 0.166666666666667, 0.25, 0.333333333333333, 0.416666666666667, 0.5, 0.583333333333333, 0.666666666666667, 0.75, 0.833333333333333, 0.916666666666667],
      "z": [
        [3.28687340672315, 2.22470765237977, 1.68921600611006, 1.33680591375, 1.06077188396346, 0.75586903882208, 0.155646608385726, -0.508958735193717, -0.928530813192768, -1.09146406849743, -1.57977446739799],
        [2.62090089411642, 1.9080479415482, 1.54050257396421, 1.29858032442801, 1.10975898241404, 0.89280785235356, 0.48819559377027, 0.0594864376182969, -0.24033043605487, -0.394421846129454, -0.852129423670465],
        [2.17767537938956, 1.68308107284651, 1.42201843661431, 1.24987493190525, 1.11654790707756, 0.956860106846231, 0.67464565162446, 0.39386552339432, 0.171120135684504, 0.0277308365241041, -0.398439168292752],
        [1.8302147591809, 1.49694370388269, 1.31571882112635, 1.19569590760088, 1.10412058000029, 0.988449452151255, 0.796832823934792, 0.625784989959012, 0.461650805807997, 0.32996386040378, -0.0638018833505417],
        [1.53055986781822, 1.32817059629874, 1.2127309791179, 1.13548056629192, 1.0784347282318, 0.999987020235052, 0.881987887103548, 0.800316934161831, 0.68520520641022, 0.566404083200601, 0.207061570990661],
        [1.25533500357415, 1.16518440545931, 1.10720039502812, 1.06713040179049, 1.04037012163565, 0.995398341619348, 0.940649010635096, 0.935984558549507, 0.864424430329689, 0.760159657597484, 0.438696870198678],
        [0.990006495476858, 0.999459359489646, 0.993665452343009, 0.987168542831161, 0.988063674349819, 0.974595316443126, 0.976112433484484, 1.04020217452864, 1.00903756862376, 0.921699859106297, 0.64350998577415],
        [0.726168449814867, 0.824560678870018, 0.866904123091245, 0.891123877943599, 0.917708158294499, 0.934662889086486, 0.986597084102545, 1.11261167250657, 1.11974727770047, 1.05266488635191, 0.825442476081704],
        [0.44650823655776, 0.625500881270152, 0.713781327974302, 0.766949950799528, 0.818313583785766, 0.866293503323477, 0.964181109467628, 1.14711589809945, 1.19232041506345, 1.151340183385, 0.988882176487208],
        [0.127566522525435, 0.375862007793628, 0.508116125374082, 0.588327964367635, 0.663897821382779, 0.745238616276978, 0.883148183697201, 1.1165755121746, 1.20101381266653, 1.19746514652888, 1.12663662164919],
        [-0.28040686831154, 0.00343572985128559, 0.172181377127001, 0.272965562731173, 0.369982077334434, 0.48924899207873, 0.649274051761243, 0.913428978128113, 1.03823431916269, 1.10055641651185, 1.18864918138803]
      ],
      "colorscale": "Jet",
      "showscale": false,
      "scene": "scene1",
      "alpha_stroke": 1,
      "sizes": [10, 100],
      "spans": [1, 20],
      "type": "surface"
    }
  },
  "layout": {
    "margin": {
      "b": 40,
      "l": 60,
      "t": 25,
      "r": 10
    },
    "scene1": {
      "camera": {
        "eye": {
          "x": -1.5,
          "y": -1.5,
          "z": 0.5
        }
      },
      "aspectratio": {
        "x": 1,
        "y": 1,
        "z": 1
      },
      "xaxis": {
        "title": "𝛕-investment"
      },
      "yaxis": {
        "title": "𝛕-productivity"
      },
      "zaxis": {
        "title": "Investment Productivity"
      }
    },
    "scene": {
      "camera": {
        "eye": {
          "x": -1.5,
          "y": -1.5,
          "z": 0.5
        }
      },
      "aspectratio": {
        "x": 1,
        "y": 1,
        "z": 1
      },
      "xaxis": {
        "title": "𝛕-investment"
      },
      "yaxis": {
        "title": "𝛕-productivity"
      },
      "zaxis": {
        "title": "Investment Productivity"
      }
    },
    "hovermode": "closest",
    "showlegend": false
  },
  "source": "A",
  "config": {
    "showSendToCloud": false
  },
  "data": [
    {
      "colorbar": {
        "title": "",
        "ticklen": 2
      },
      "colorscale": "Jet",
      "showscale": false,
      "x": [0.0833333333333333, 0.166666666666667, 0.25, 0.333333333333333, 0.416666666666667, 0.5, 0.583333333333333, 0.666666666666667, 0.75, 0.833333333333333, 0.916666666666667],
      "y": [0.0833333333333333, 0.166666666666667, 0.25, 0.333333333333333, 0.416666666666667, 0.5, 0.583333333333333, 0.666666666666667, 0.75, 0.833333333333333, 0.916666666666667],
      "z": [
        [3.28687340672315, 2.22470765237977, 1.68921600611006, 1.33680591375, 1.06077188396346, 0.75586903882208, 0.155646608385726, -0.508958735193717, -0.928530813192768, -1.09146406849743, -1.57977446739799],
        [2.62090089411642, 1.9080479415482, 1.54050257396421, 1.29858032442801, 1.10975898241404, 0.89280785235356, 0.48819559377027, 0.0594864376182969, -0.24033043605487, -0.394421846129454, -0.852129423670465],
        [2.17767537938956, 1.68308107284651, 1.42201843661431, 1.24987493190525, 1.11654790707756, 0.956860106846231, 0.67464565162446, 0.39386552339432, 0.171120135684504, 0.0277308365241041, -0.398439168292752],
        [1.8302147591809, 1.49694370388269, 1.31571882112635, 1.19569590760088, 1.10412058000029, 0.988449452151255, 0.796832823934792, 0.625784989959012, 0.461650805807997, 0.32996386040378, -0.0638018833505417],
        [1.53055986781822, 1.32817059629874, 1.2127309791179, 1.13548056629192, 1.0784347282318, 0.999987020235052, 0.881987887103548, 0.800316934161831, 0.68520520641022, 0.566404083200601, 0.207061570990661],
        [1.25533500357415, 1.16518440545931, 1.10720039502812, 1.06713040179049, 1.04037012163565, 0.995398341619348, 0.940649010635096, 0.935984558549507, 0.864424430329689, 0.760159657597484, 0.438696870198678],
        [0.990006495476858, 0.999459359489646, 0.993665452343009, 0.987168542831161, 0.988063674349819, 0.974595316443126, 0.976112433484484, 1.04020217452864, 1.00903756862376, 0.921699859106297, 0.64350998577415],
        [0.726168449814867, 0.824560678870018, 0.866904123091245, 0.891123877943599, 0.917708158294499, 0.934662889086486, 0.986597084102545, 1.11261167250657, 1.11974727770047, 1.05266488635191, 0.825442476081704],
        [0.44650823655776, 0.625500881270152, 0.713781327974302, 0.766949950799528, 0.818313583785766, 0.866293503323477, 0.964181109467628, 1.14711589809945, 1.19232041506345, 1.151340183385, 0.988882176487208],
        [0.127566522525435, 0.375862007793628, 0.508116125374082, 0.588327964367635, 0.663897821382779, 0.745238616276978, 0.883148183697201, 1.1165755121746, 1.20101381266653, 1.19746514652888, 1.12663662164919],
        [-0.28040686831154, 0.00343572985128559, 0.172181377127001, 0.272965562731173, 0.369982077334434, 0.48924899207873, 0.649274051761243, 0.913428978128113, 1.03823431916269, 1.10055641651185, 1.18864918138803]
      ],
      "scene": "scene1",
      "type": "surface",
      "frame": null
    }
  ],
  "highlight": {
    "on": "plotly_click",
    "persistent": false,
    "dynamic": false,
    "selectize": false,
    "opacityDim": 0.2,
    "selected": {
      "opacity": 1
    },
    "debounce": 0
  },
  "shinyEvents": ["plotly_hover", "plotly_click", "plotly_selected", "plotly_relayout", "plotly_brushed", "plotly_brushing", "plotly_clickannotation", "plotly_doubleclick", "plotly_deselect", "plotly_afterplot", "plotly_sunburstclick"],
  "base_url": "https://plot.ly"
}
