{
  "visdat": {
    "5ccb706682": ["function () ", "plotlyVisDat"]
  },
  "cur_data": "5ccb706682",
  "attrs": {
    "5ccb706682": {
      "x": [0.0833333333333333, 0.166666666666667, 0.25, 0.333333333333333, 0.416666666666667, 0.5, 0.583333333333333, 0.666666666666667, 0.75, 0.833333333333333, 0.916666666666667],
      "y": [0.0833333333333333, 0.166666666666667, 0.25, 0.333333333333333, 0.416666666666667, 0.5, 0.583333333333333, 0.666666666666667, 0.75, 0.833333333333333, 0.916666666666667],
      "z": [
        [0.321351256488079, 0.329906526562661, 0.331336794419029, 0.330391753535496, 0.328138652894455, 0.326700986048062, 0.326741934800244, 0.328411867682748, 0.332826720072812, 0.34193918935457, 0.355374929310347],
        [0.32786017846347, 0.33261521452927, 0.33090348899447, 0.328343402042727, 0.326503615630305, 0.326534542596169, 0.329066953942786, 0.333693295486145, 0.341116561788245, 0.352839607860663, 0.369654102994117],
        [0.326463610799349, 0.32835158705787, 0.324338292947055, 0.321079970168442, 0.320159494109074, 0.321874364799086, 0.326894639260107, 0.334435395087192, 0.344894504506443, 0.359659917536735, 0.380492542352414],
        [0.32074469280264, 0.320119292780554, 0.314327455757729, 0.311206734559376, 0.311974867428673, 0.31598986471909, 0.324003044879289, 0.334870500785327, 0.34885199028865, 0.367436468385312, 0.393193518582341],
        [0.313042870413595, 0.310111692886777, 0.303039778144037, 0.300895513008619, 0.304218002380494, 0.311274002274508, 0.322916586434713, 0.337588281407507, 0.355637920284446, 0.378805891349254, 0.410259388789729],
        [0.305132642889379, 0.299990166589717, 0.292131399861272, 0.291834511656518, 0.298687017106884, 0.309653935991996, 0.325694429984274, 0.344722465985875, 0.367458564848417, 0.395998529282894, 0.433850142864445],
        [0.29843032843237, 0.291106196641082, 0.282985301225237, 0.285469667662737, 0.296944382874505, 0.312814199216973, 0.334135687752312, 0.358129771426708, 0.38622815395695, 0.420953745141467, 0.465844452147416],
        [0.293827355319562, 0.284253653631709, 0.27645565188589, 0.282850867118202, 0.300333235142045, 0.322393421752317, 0.350169674296261, 0.379959676845394, 0.414332246493765, 0.456304490352729, 0.509071506691727],
        [0.293031013588177, 0.2828339200894, 0.275235849583654, 0.282906033549002, 0.302280914025867, 0.326264521545511, 0.356013747211451, 0.387531075196633, 0.423775926513162, 0.467910733290097, 0.522964980028607],
        [0.292380695640469, 0.281490083653952, 0.274171163535883, 0.283358584490315, 0.304956556375449, 0.331187479085491, 0.363227040925324, 0.396729213826547, 0.43512667044811, 0.481748166447003, 0.539402886582259],
        [0.292216883554052, 0.28109655187404, 0.273883259822857, 0.283596368806511, 0.305958236455277, 0.332958712008464, 0.365779289866994, 0.39995386816837, 0.43908084109299, 0.486545237963817, 0.545074967876487]
      ],
      "colorscale": "Jet",
      "showscale": false,
      "scene": "scene1",
      "alpha_stroke": 1,
      "sizes": [10, 100],
      "spans": [1, 20],
      "type": "surface"
    }
  },
  "layout": {
    "margin": {
      "b": 40,
      "l": 60,
      "t": 25,
      "r": 10
    },
    "scene1": {
      "camera": {
        "eye": {
          "x": -1.5,
          "y": -1.5,
          "z": 0.5
        }
      },
      "aspectratio": {
        "x": 1,
        "y": 1,
        "z": 1
      },
      "xaxis": {
        "title": "𝛕-output"
      },
      "yaxis": {
        "title": "𝛕-capital"
      },
      "zaxis": {
        "title": "Capital Elasticity"
      }
    },
    "scene": {
      "camera": {
        "eye": {
          "x": -1.5,
          "y": -1.5,
          "z": 0.5
        }
      },
      "aspectratio": {
        "x": 1,
        "y": 1,
        "z": 1
      },
      "xaxis": {
        "title": "𝛕-output"
      },
      "yaxis": {
        "title": "𝛕-capital"
      },
      "zaxis": {
        "title": "Capital Elasticity"
      }
    },
    "hovermode": "closest",
    "showlegend": false
  },
  "source": "A",
  "config": {
    "showSendToCloud": false
  },
  "data": [
    {
      "colorbar": {
        "title": "",
        "ticklen": 2
      },
      "colorscale": "Jet",
      "showscale": false,
      "x": [0.0833333333333333, 0.166666666666667, 0.25, 0.333333333333333, 0.416666666666667, 0.5, 0.583333333333333, 0.666666666666667, 0.75, 0.833333333333333, 0.916666666666667],
      "y": [0.0833333333333333, 0.166666666666667, 0.25, 0.333333333333333, 0.416666666666667, 0.5, 0.583333333333333, 0.666666666666667, 0.75, 0.833333333333333, 0.916666666666667],
      "z": [
        [0.321351256488079, 0.329906526562661, 0.331336794419029, 0.330391753535496, 0.328138652894455, 0.326700986048062, 0.326741934800244, 0.328411867682748, 0.332826720072812, 0.34193918935457, 0.355374929310347],
        [0.32786017846347, 0.33261521452927, 0.33090348899447, 0.328343402042727, 0.326503615630305, 0.326534542596169, 0.329066953942786, 0.333693295486145, 0.341116561788245, 0.352839607860663, 0.369654102994117],
        [0.326463610799349, 0.32835158705787, 0.324338292947055, 0.321079970168442, 0.320159494109074, 0.321874364799086, 0.326894639260107, 0.334435395087192, 0.344894504506443, 0.359659917536735, 0.380492542352414],
        [0.32074469280264, 0.320119292780554, 0.314327455757729, 0.311206734559376, 0.311974867428673, 0.31598986471909, 0.324003044879289, 0.334870500785327, 0.34885199028865, 0.367436468385312, 0.393193518582341],
        [0.313042870413595, 0.310111692886777, 0.303039778144037, 0.300895513008619, 0.304218002380494, 0.311274002274508, 0.322916586434713, 0.337588281407507, 0.355637920284446, 0.378805891349254, 0.410259388789729],
        [0.305132642889379, 0.299990166589717, 0.292131399861272, 0.291834511656518, 0.298687017106884, 0.309653935991996, 0.325694429984274, 0.344722465985875, 0.367458564848417, 0.395998529282894, 0.433850142864445],
        [0.29843032843237, 0.291106196641082, 0.282985301225237, 0.285469667662737, 0.296944382874505, 0.312814199216973, 0.334135687752312, 0.358129771426708, 0.38622815395695, 0.420953745141467, 0.465844452147416],
        [0.293827355319562, 0.284253653631709, 0.27645565188589, 0.282850867118202, 0.300333235142045, 0.322393421752317, 0.350169674296261, 0.379959676845394, 0.414332246493765, 0.456304490352729, 0.509071506691727],
        [0.293031013588177, 0.2828339200894, 0.275235849583654, 0.282906033549002, 0.302280914025867, 0.326264521545511, 0.356013747211451, 0.387531075196633, 0.423775926513162, 0.467910733290097, 0.522964980028607],
        [0.292380695640469, 0.281490083653952, 0.274171163535883, 0.283358584490315, 0.304956556375449, 0.331187479085491, 0.363227040925324, 0.396729213826547, 0.43512667044811, 0.481748166447003, 0.539402886582259],
        [0.292216883554052, 0.28109655187404, 0.273883259822857, 0.283596368806511, 0.305958236455277, 0.332958712008464, 0.365779289866994, 0.39995386816837, 0.43908084109299, 0.486545237963817, 0.545074967876487]
      ],
      "scene": "scene1",
      "type": "surface",
      "frame": null
    }
  ],
  "highlight": {
    "on": "plotly_click",
    "persistent": false,
    "dynamic": false,
    "selectize": false,
    "opacityDim": 0.2,
    "selected": {
      "opacity": 1
    },
    "debounce": 0
  },
  "shinyEvents": ["plotly_hover", "plotly_click", "plotly_selected", "plotly_relayout", "plotly_brushed", "plotly_brushing", "plotly_clickannotation", "plotly_doubleclick", "plotly_deselect", "plotly_afterplot", "plotly_sunburstclick"],
  "base_url": "https://plot.ly"
}
