{
  "visdat": {
    "5cc46b8f338": ["function () ", "plotlyVisDat"]
  },
  "cur_data": "5cc46b8f338",
  "attrs": {
    "5cc46b8f338": {
      "x": [0.0833333333333333, 0.166666666666667, 0.25, 0.333333333333333, 0.416666666666667, 0.5, 0.583333333333333, 0.666666666666667, 0.75, 0.833333333333333, 0.916666666666667],
      "y": [0.0833333333333333, 0.166666666666667, 0.25, 0.333333333333333, 0.416666666666667, 0.5, 0.583333333333333, 0.666666666666667, 0.75, 0.833333333333333, 0.916666666666667],
      "z": [
        [0.024324060804834, 0.0273966162707688, 0.0265635496093088, 0.0182687051925418, 0.00692399683834111, -0.00576776077870206, -0.0187895811483121, -0.031045277922488, -0.0448681931354191, -0.0632849694458978, -0.0899377752137429],
        [0.0461448403498719, 0.0493565301812025, 0.0496386952808094, 0.044272017687179, 0.0361043337403956, 0.0264100317045982, 0.0160189774792661, 0.00609739162186251, -0.00515160581373686, -0.0200393916838341, -0.0419513880810748],
        [0.0616446028530806, 0.0649567195364452, 0.066038705723093, 0.0627705499327172, 0.056880437681513, 0.0493344333241347, 0.04082966205357, 0.0325813326422542, 0.0231780194601497, 0.010820585536932, -0.00769576368550523],
        [0.0737672921891043, 0.0771589004035227, 0.0788709726813216, 0.0772551193307324, 0.0731586990201835, 0.0673042586554785, 0.060285207790954, 0.0533546206933613, 0.0454051456649012, 0.0350407495584727, 0.0191968771578556],
        [0.0840078611018334, 0.0874672775220085, 0.0897147640048739, 0.0895023433607892, 0.0869297339851312, 0.0825121225526051, 0.0767553776067564, 0.0709442473674073, 0.0642300560117919, 0.0555590094540374, 0.0419842995880367],
        [0.0950708875528145, 0.0986042462573228, 0.101433444199328, 0.102745179675465, 0.101827755734045, 0.0989706195596592, 0.0945851433795855, 0.0899899662983516, 0.0846177572128718, 0.0777862453174695, 0.0666750743703735],
        [0.105289553925422, 0.108891856035792, 0.112261455193738, 0.114988520767371, 0.115608376571985, 0.114200343159745, 0.111088579314551, 0.10762272215491, 0.103497086088176, 0.0983742518868805, 0.0895499596736859],
        [0.11320158538802, 0.116857699688586, 0.120647782063351, 0.124475717061012, 0.126291480552631, 0.126010616659741, 0.123889804471268, 0.121302477157514, 0.118146720624637, 0.114353251219425, 0.107307228089368],
        [0.121578178693668, 0.125291680277722, 0.129528924934166, 0.134527202951662, 0.13761452149604, 0.138531990294475, 0.137464892153449, 0.135811656127856, 0.133687247503578, 0.13130734738276, 0.126151330276144],
        [0.133696326655311, 0.137493615430775, 0.142381428523145, 0.149081728638926, 0.154018584972436, 0.15667883589784, 0.157144561577719, 0.156849987500855, 0.156225941579963, 0.15590235760843, 0.153494070486807],
        [0.153837125744291, 0.1577757189321, 0.163754605514724, 0.17330755125912, 0.181345153997789, 0.186926511326378, 0.189962401284335, 0.191945571825117, 0.193837459025005, 0.196961847427591, 0.199156475142624]
      ],
      "colorscale": "Jet",
      "showscale": false,
      "scene": "scene2",
      "alpha_stroke": 1,
      "sizes": [10, 100],
      "spans": [1, 20],
      "type": "surface"
    }
  },
  "layout": {
    "margin": {
      "b": 40,
      "l": 60,
      "t": 25,
      "r": 10
    },
    "scene2": {
      "camera": {
        "eye": {
          "x": -1.5,
          "y": -1.5,
          "z": 0.5
        }
      },
      "aspectratio": {
        "x": 1,
        "y": 1,
        "z": 1
      },
      "xaxis": {
        "title": "𝛕-output"
      },
      "yaxis": {
        "title": "𝛕-labor"
      },
      "zaxis": {
        "title": "Labor Elasticity"
      }
    },
    "scene": {
      "camera": {
        "eye": {
          "x": -1.5,
          "y": -1.5,
          "z": 0.5
        }
      },
      "aspectratio": {
        "x": 1,
        "y": 1,
        "z": 1
      },
      "xaxis": {
        "title": "𝛕-output"
      },
      "yaxis": {
        "title": "𝛕-labor"
      },
      "zaxis": {
        "title": "Labor Elasticity"
      }
    },
    "hovermode": "closest",
    "showlegend": false
  },
  "source": "A",
  "config": {
    "showSendToCloud": false
  },
  "data": [
    {
      "colorbar": {
        "title": "",
        "ticklen": 2
      },
      "colorscale": "Jet",
      "showscale": false,
      "x": [0.0833333333333333, 0.166666666666667, 0.25, 0.333333333333333, 0.416666666666667, 0.5, 0.583333333333333, 0.666666666666667, 0.75, 0.833333333333333, 0.916666666666667],
      "y": [0.0833333333333333, 0.166666666666667, 0.25, 0.333333333333333, 0.416666666666667, 0.5, 0.583333333333333, 0.666666666666667, 0.75, 0.833333333333333, 0.916666666666667],
      "z": [
        [0.024324060804834, 0.0273966162707688, 0.0265635496093088, 0.0182687051925418, 0.00692399683834111, -0.00576776077870206, -0.0187895811483121, -0.031045277922488, -0.0448681931354191, -0.0632849694458978, -0.0899377752137429],
        [0.0461448403498719, 0.0493565301812025, 0.0496386952808094, 0.044272017687179, 0.0361043337403956, 0.0264100317045982, 0.0160189774792661, 0.00609739162186251, -0.00515160581373686, -0.0200393916838341, -0.0419513880810748],
        [0.0616446028530806, 0.0649567195364452, 0.066038705723093, 0.0627705499327172, 0.056880437681513, 0.0493344333241347, 0.04082966205357, 0.0325813326422542, 0.0231780194601497, 0.010820585536932, -0.00769576368550523],
        [0.0737672921891043, 0.0771589004035227, 0.0788709726813216, 0.0772551193307324, 0.0731586990201835, 0.0673042586554785, 0.060285207790954, 0.0533546206933613, 0.0454051456649012, 0.0350407495584727, 0.0191968771578556],
        [0.0840078611018334, 0.0874672775220085, 0.0897147640048739, 0.0895023433607892, 0.0869297339851312, 0.0825121225526051, 0.0767553776067564, 0.0709442473674073, 0.0642300560117919, 0.0555590094540374, 0.0419842995880367],
        [0.0950708875528145, 0.0986042462573228, 0.101433444199328, 0.102745179675465, 0.101827755734045, 0.0989706195596592, 0.0945851433795855, 0.0899899662983516, 0.0846177572128718, 0.0777862453174695, 0.0666750743703735],
        [0.105289553925422, 0.108891856035792, 0.112261455193738, 0.114988520767371, 0.115608376571985, 0.114200343159745, 0.111088579314551, 0.10762272215491, 0.103497086088176, 0.0983742518868805, 0.0895499596736859],
        [0.11320158538802, 0.116857699688586, 0.120647782063351, 0.124475717061012, 0.126291480552631, 0.126010616659741, 0.123889804471268, 0.121302477157514, 0.118146720624637, 0.114353251219425, 0.107307228089368],
        [0.121578178693668, 0.125291680277722, 0.129528924934166, 0.134527202951662, 0.13761452149604, 0.138531990294475, 0.137464892153449, 0.135811656127856, 0.133687247503578, 0.13130734738276, 0.126151330276144],
        [0.133696326655311, 0.137493615430775, 0.142381428523145, 0.149081728638926, 0.154018584972436, 0.15667883589784, 0.157144561577719, 0.156849987500855, 0.156225941579963, 0.15590235760843, 0.153494070486807],
        [0.153837125744291, 0.1577757189321, 0.163754605514724, 0.17330755125912, 0.181345153997789, 0.186926511326378, 0.189962401284335, 0.191945571825117, 0.193837459025005, 0.196961847427591, 0.199156475142624]
      ],
      "scene": "scene2",
      "type": "surface",
      "frame": null
    }
  ],
  "highlight": {
    "on": "plotly_click",
    "persistent": false,
    "dynamic": false,
    "selectize": false,
    "opacityDim": 0.2,
    "selected": {
      "opacity": 1
    },
    "debounce": 0
  },
  "shinyEvents": ["plotly_hover", "plotly_click", "plotly_selected", "plotly_relayout", "plotly_brushed", "plotly_brushing", "plotly_clickannotation", "plotly_doubleclick", "plotly_deselect", "plotly_afterplot", "plotly_sunburstclick"],
  "base_url": "https://plot.ly"
}
