{
  "visdat": {
    "5cc186805ce": ["function () ", "plotlyVisDat"]
  },
  "cur_data": "5cc186805ce",
  "attrs": {
    "5cc186805ce": {
      "x": [0.0833333333333333, 0.166666666666667, 0.25, 0.333333333333333, 0.416666666666667, 0.5, 0.583333333333333, 0.666666666666667, 0.75, 0.833333333333333, 0.916666666666667],
      "y": [0.0833333333333333, 0.166666666666667, 0.25, 0.333333333333333, 0.416666666666667, 0.5, 0.583333333333333, 0.666666666666667, 0.75, 0.833333333333333, 0.916666666666667],
      "z": [
        [0.83748662735741, -0.0272309700794433, -0.367699818282281, -0.291366130965597, -0.16627254606729, 0.282044709814838, 0.60589759133668, 0.675202953502019, 0.677049526540809, 0.834250246038767, 1.13784505431992],
        [1.38125100670553, 1.18256555097807, 1.16927410849136, 1.17900887826559, 1.1746145798444, 1.35151434591695, 1.45995092446548, 1.4349995300584, 1.3636465185269, 1.40166660175997, 1.57899335875024],
        [1.6136542074936, 1.7924890693163, 1.9652032129261, 1.94291567422931, 1.87225493756709, 1.89990715862717, 1.89220794077334, 1.82252633985107, 1.71865696246885, 1.69382056368829, 1.79594606239164],
        [1.70680673361229, 2.13638724624815, 2.43309264860118, 2.3941600830482, 2.28524204971139, 2.2174769947114, 2.1374584157874, 2.04508842173525, 1.92686759203082, 1.86407497150458, 1.91332178779925],
        [1.71205667091647, 2.31976059219981, 2.70499218354693, 2.65883783526978, 2.52847232316835, 2.39661961191251, 2.27002180476228, 2.16852294354754, 2.04731917246511, 1.96133828438332, 1.97010435552011],
        [1.64427808542766, 2.37872236741355, 2.82746653528331, 2.78157616766733, 2.64267566333505, 2.46955918927614, 2.31544692726997, 2.21565584108142, 2.10079530095251, 2.00274633450201, 1.97928493815476],
        [1.50062909451356, 2.31749773900204, 2.80827547431136, 2.77007875062018, 2.63499166575371, 2.44107760543064, 2.27690767715973, 2.18964870005914, 2.09070028815896, 1.99097242995415, 1.94178472451869],
        [1.26577312773126, 2.11788529548752, 2.62790541630783, 2.60610036775627, 2.48895445408904, 2.29666462256512, 2.14184330636681, 2.07983714039822, 2.00822324557876, 1.91852367012049, 1.85003159943857],
        [0.892328405863221, 1.71858343075305, 2.21848048862145, 2.22587795300069, 2.14689446690465, 1.98650728907298, 1.86777752682562, 1.84984628433918, 1.82278279272948, 1.75954118085905, 1.67908110559208],
        [0.260458426936474, 0.952647791023868, 1.39051099328029, 1.45077984973302, 1.44699168362796, 1.37291735980432, 1.33866258280116, 1.39962962468667, 1.44914294690275, 1.44226070508359, 1.36220343345638],
        [-1.03134613083469, -0.756157161089856, -0.516175344210415, -0.342339338014781, -0.175585141914847, -0.0220358599136947, 0.153451918518715, 0.382561037540386, 0.590523842376418, 0.717207300507621, 0.670654302360131]
      ],
      "colorscale": "Jet",
      "showscale": false,
      "scene": "scene2",
      "alpha_stroke": 1,
      "sizes": [10, 100],
      "spans": [1, 20],
      "type": "surface"
    }
  },
  "layout": {
    "margin": {
      "b": 40,
      "l": 60,
      "t": 25,
      "r": 10
    },
    "scene2": {
      "camera": {
        "eye": {
          "x": -1.5,
          "y": -1.5,
          "z": 0.5
        }
      },
      "aspectratio": {
        "x": 1,
        "y": 1,
        "z": 1
      },
      "xaxis": {
        "title": "𝛕-labor"
      },
      "yaxis": {
        "title": "𝛕-productivity"
      },
      "zaxis": {
        "title": "Labor Productivity"
      }
    },
    "scene": {
      "camera": {
        "eye": {
          "x": -1.5,
          "y": -1.5,
          "z": 0.5
        }
      },
      "aspectratio": {
        "x": 1,
        "y": 1,
        "z": 1
      },
      "xaxis": {
        "title": "𝛕-labor"
      },
      "yaxis": {
        "title": "𝛕-productivity"
      },
      "zaxis": {
        "title": "Labor Productivity"
      }
    },
    "hovermode": "closest",
    "showlegend": false
  },
  "source": "A",
  "config": {
    "showSendToCloud": false
  },
  "data": [
    {
      "colorbar": {
        "title": "",
        "ticklen": 2
      },
      "colorscale": "Jet",
      "showscale": false,
      "x": [0.0833333333333333, 0.166666666666667, 0.25, 0.333333333333333, 0.416666666666667, 0.5, 0.583333333333333, 0.666666666666667, 0.75, 0.833333333333333, 0.916666666666667],
      "y": [0.0833333333333333, 0.166666666666667, 0.25, 0.333333333333333, 0.416666666666667, 0.5, 0.583333333333333, 0.666666666666667, 0.75, 0.833333333333333, 0.916666666666667],
      "z": [
        [0.83748662735741, -0.0272309700794433, -0.367699818282281, -0.291366130965597, -0.16627254606729, 0.282044709814838, 0.60589759133668, 0.675202953502019, 0.677049526540809, 0.834250246038767, 1.13784505431992],
        [1.38125100670553, 1.18256555097807, 1.16927410849136, 1.17900887826559, 1.1746145798444, 1.35151434591695, 1.45995092446548, 1.4349995300584, 1.3636465185269, 1.40166660175997, 1.57899335875024],
        [1.6136542074936, 1.7924890693163, 1.9652032129261, 1.94291567422931, 1.87225493756709, 1.89990715862717, 1.89220794077334, 1.82252633985107, 1.71865696246885, 1.69382056368829, 1.79594606239164],
        [1.70680673361229, 2.13638724624815, 2.43309264860118, 2.3941600830482, 2.28524204971139, 2.2174769947114, 2.1374584157874, 2.04508842173525, 1.92686759203082, 1.86407497150458, 1.91332178779925],
        [1.71205667091647, 2.31976059219981, 2.70499218354693, 2.65883783526978, 2.52847232316835, 2.39661961191251, 2.27002180476228, 2.16852294354754, 2.04731917246511, 1.96133828438332, 1.97010435552011],
        [1.64427808542766, 2.37872236741355, 2.82746653528331, 2.78157616766733, 2.64267566333505, 2.46955918927614, 2.31544692726997, 2.21565584108142, 2.10079530095251, 2.00274633450201, 1.97928493815476],
        [1.50062909451356, 2.31749773900204, 2.80827547431136, 2.77007875062018, 2.63499166575371, 2.44107760543064, 2.27690767715973, 2.18964870005914, 2.09070028815896, 1.99097242995415, 1.94178472451869],
        [1.26577312773126, 2.11788529548752, 2.62790541630783, 2.60610036775627, 2.48895445408904, 2.29666462256512, 2.14184330636681, 2.07983714039822, 2.00822324557876, 1.91852367012049, 1.85003159943857],
        [0.892328405863221, 1.71858343075305, 2.21848048862145, 2.22587795300069, 2.14689446690465, 1.98650728907298, 1.86777752682562, 1.84984628433918, 1.82278279272948, 1.75954118085905, 1.67908110559208],
        [0.260458426936474, 0.952647791023868, 1.39051099328029, 1.45077984973302, 1.44699168362796, 1.37291735980432, 1.33866258280116, 1.39962962468667, 1.44914294690275, 1.44226070508359, 1.36220343345638],
        [-1.03134613083469, -0.756157161089856, -0.516175344210415, -0.342339338014781, -0.175585141914847, -0.0220358599136947, 0.153451918518715, 0.382561037540386, 0.590523842376418, 0.717207300507621, 0.670654302360131]
      ],
      "scene": "scene2",
      "type": "surface",
      "frame": null
    }
  ],
  "highlight": {
    "on": "plotly_click",
    "persistent": false,
    "dynamic": false,
    "selectize": false,
    "opacityDim": 0.2,
    "selected": {
      "opacity": 1
    },
    "debounce": 0
  },
  "shinyEvents": ["plotly_hover", "plotly_click", "plotly_selected", "plotly_relayout", "plotly_brushed", "plotly_brushing", "plotly_clickannotation", "plotly_doubleclick", "plotly_deselect", "plotly_afterplot", "plotly_sunburstclick"],
  "base_url": "https://plot.ly"
}
