{
  "visdat": {
    "5cccc65da6": ["function () ", "plotlyVisDat"]
  },
  "cur_data": "5cccc65da6",
  "attrs": {
    "5cccc65da6": {
      "x": [0.0833333333333333, 0.166666666666667, 0.25, 0.333333333333333, 0.416666666666667, 0.5, 0.583333333333333, 0.666666666666667, 0.75, 0.833333333333333, 0.916666666666667],
      "y": [0.0833333333333333, 0.166666666666667, 0.25, 0.333333333333333, 0.416666666666667, 0.5, 0.583333333333333, 0.666666666666667, 0.75, 0.833333333333333, 0.916666666666667],
      "z": [
        [0.517661190959219, 0.515604121625509, 0.518519928481597, 0.518943139670883, 0.516186756071987, 0.511740367472131, 0.505082518602098, 0.497014827385479, 0.486934902714402, 0.474624921988717, 0.460302490055996],
        [0.54725459631357, 0.545387338690703, 0.548902639698541, 0.549337713108153, 0.546406435088256, 0.541794963312052, 0.534694573103738, 0.525799991384952, 0.514704157157874, 0.500853488871507, 0.484347058125656],
        [0.565382883949838, 0.563631900924292, 0.567514439236829, 0.567956779189087, 0.564918364584807, 0.560205766383007, 0.552834284809059, 0.543433167641326, 0.531715008932727, 0.516920548374966, 0.499076246633615],
        [0.578714445505767, 0.577048970939854, 0.581201575947682, 0.58164925972295, 0.578532056763243, 0.573745090083027, 0.566174247637234, 0.556400623774253, 0.54422480699559, 0.528736280621215, 0.509908107160246],
        [0.590131093577919, 0.588538845241861, 0.592922725213482, 0.593374985237857, 0.590190310892871, 0.585339657843872, 0.577598090243064, 0.5675054656519, 0.55493772770921, 0.538854829465195, 0.519184105255473],
        [0.600779933612606, 0.599255986795798, 0.603855587710895, 0.60431211621621, 0.601064508163869, 0.5961544518689, 0.588253640954804, 0.577863469508916, 0.564930168420585, 0.548292871817183, 0.527836261234518],
        [0.610785928748044, 0.609326160251798, 0.614128459555077, 0.614588998863389, 0.611282256260468, 0.606316382750829, 0.598265941659839, 0.587596185548274, 0.574319389483489, 0.557161162218245, 0.535966107335632],
        [0.621089863654691, 0.619696184460762, 0.624707217724955, 0.625171887262439, 0.621804249311113, 0.616780896566391, 0.608576369891518, 0.597618704166062, 0.583988185175148, 0.566293515951073, 0.544338028758044],
        [0.631590303856932, 0.630263974347689, 0.635487722316954, 0.635956600850791, 0.632526906222058, 0.627444978061602, 0.619083427252331, 0.607832361217994, 0.59384137348697, 0.575600031873977, 0.55286961024321],
        [0.643338950987445, 0.64208797714563, 0.647549725614039, 0.648023313475482, 0.644524185376257, 0.639376718831054, 0.63083947813541, 0.619260134749776, 0.604865828686608, 0.58601283071734, 0.562415356745632],
        [0.659448310255301, 0.658300661630933, 0.664088748570832, 0.664568793707693, 0.660974460713049, 0.655737130086135, 0.646958989185737, 0.634929522672498, 0.619982199752185, 0.600290518666279, 0.575504170987743]
      ],
      "colorscale": "Jet",
      "showscale": false,
      "scene": "scene3",
      "alpha_stroke": 1,
      "sizes": [10, 100],
      "spans": [1, 20],
      "type": "surface"
    }
  },
  "layout": {
    "margin": {
      "b": 40,
      "l": 60,
      "t": 25,
      "r": 10
    },
    "scene3": {
      "camera": {
        "eye": {
          "x": -1.5,
          "y": -1.5,
          "z": 0.5
        }
      },
      "aspectratio": {
        "x": 1,
        "y": 1,
        "z": 1
      },
      "xaxis": {
        "title": "𝛕-output"
      },
      "yaxis": {
        "title": "𝛕-materials"
      },
      "zaxis": {
        "title": "Materials Elasticity"
      }
    },
    "scene": {
      "camera": {
        "eye": {
          "x": -1.5,
          "y": -1.5,
          "z": 0.5
        }
      },
      "aspectratio": {
        "x": 1,
        "y": 1,
        "z": 1
      },
      "xaxis": {
        "title": "𝛕-output"
      },
      "yaxis": {
        "title": "𝛕-materials"
      },
      "zaxis": {
        "title": "Materials Elasticity"
      }
    },
    "hovermode": "closest",
    "showlegend": false
  },
  "source": "A",
  "config": {
    "showSendToCloud": false
  },
  "data": [
    {
      "colorbar": {
        "title": "",
        "ticklen": 2
      },
      "colorscale": "Jet",
      "showscale": false,
      "x": [0.0833333333333333, 0.166666666666667, 0.25, 0.333333333333333, 0.416666666666667, 0.5, 0.583333333333333, 0.666666666666667, 0.75, 0.833333333333333, 0.916666666666667],
      "y": [0.0833333333333333, 0.166666666666667, 0.25, 0.333333333333333, 0.416666666666667, 0.5, 0.583333333333333, 0.666666666666667, 0.75, 0.833333333333333, 0.916666666666667],
      "z": [
        [0.517661190959219, 0.515604121625509, 0.518519928481597, 0.518943139670883, 0.516186756071987, 0.511740367472131, 0.505082518602098, 0.497014827385479, 0.486934902714402, 0.474624921988717, 0.460302490055996],
        [0.54725459631357, 0.545387338690703, 0.548902639698541, 0.549337713108153, 0.546406435088256, 0.541794963312052, 0.534694573103738, 0.525799991384952, 0.514704157157874, 0.500853488871507, 0.484347058125656],
        [0.565382883949838, 0.563631900924292, 0.567514439236829, 0.567956779189087, 0.564918364584807, 0.560205766383007, 0.552834284809059, 0.543433167641326, 0.531715008932727, 0.516920548374966, 0.499076246633615],
        [0.578714445505767, 0.577048970939854, 0.581201575947682, 0.58164925972295, 0.578532056763243, 0.573745090083027, 0.566174247637234, 0.556400623774253, 0.54422480699559, 0.528736280621215, 0.509908107160246],
        [0.590131093577919, 0.588538845241861, 0.592922725213482, 0.593374985237857, 0.590190310892871, 0.585339657843872, 0.577598090243064, 0.5675054656519, 0.55493772770921, 0.538854829465195, 0.519184105255473],
        [0.600779933612606, 0.599255986795798, 0.603855587710895, 0.60431211621621, 0.601064508163869, 0.5961544518689, 0.588253640954804, 0.577863469508916, 0.564930168420585, 0.548292871817183, 0.527836261234518],
        [0.610785928748044, 0.609326160251798, 0.614128459555077, 0.614588998863389, 0.611282256260468, 0.606316382750829, 0.598265941659839, 0.587596185548274, 0.574319389483489, 0.557161162218245, 0.535966107335632],
        [0.621089863654691, 0.619696184460762, 0.624707217724955, 0.625171887262439, 0.621804249311113, 0.616780896566391, 0.608576369891518, 0.597618704166062, 0.583988185175148, 0.566293515951073, 0.544338028758044],
        [0.631590303856932, 0.630263974347689, 0.635487722316954, 0.635956600850791, 0.632526906222058, 0.627444978061602, 0.619083427252331, 0.607832361217994, 0.59384137348697, 0.575600031873977, 0.55286961024321],
        [0.643338950987445, 0.64208797714563, 0.647549725614039, 0.648023313475482, 0.644524185376257, 0.639376718831054, 0.63083947813541, 0.619260134749776, 0.604865828686608, 0.58601283071734, 0.562415356745632],
        [0.659448310255301, 0.658300661630933, 0.664088748570832, 0.664568793707693, 0.660974460713049, 0.655737130086135, 0.646958989185737, 0.634929522672498, 0.619982199752185, 0.600290518666279, 0.575504170987743]
      ],
      "scene": "scene3",
      "type": "surface",
      "frame": null
    }
  ],
  "highlight": {
    "on": "plotly_click",
    "persistent": false,
    "dynamic": false,
    "selectize": false,
    "opacityDim": 0.2,
    "selected": {
      "opacity": 1
    },
    "debounce": 0
  },
  "shinyEvents": ["plotly_hover", "plotly_click", "plotly_selected", "plotly_relayout", "plotly_brushed", "plotly_brushing", "plotly_clickannotation", "plotly_doubleclick", "plotly_deselect", "plotly_afterplot", "plotly_sunburstclick"],
  "base_url": "https://plot.ly"
}
