{
  "visdat": {
    "5cc332e43d7": ["function () ", "plotlyVisDat"]
  },
  "cur_data": "5cc332e43d7",
  "attrs": {
    "5cc332e43d7": {
      "x": [0.0833333333333333, 0.166666666666667, 0.25, 0.333333333333333, 0.416666666666667, 0.5, 0.583333333333333, 0.666666666666667, 0.75, 0.833333333333333, 0.916666666666667],
      "y": [0.0833333333333333, 0.166666666666667, 0.25, 0.333333333333333, 0.416666666666667, 0.5, 0.583333333333333, 0.666666666666667, 0.75, 0.833333333333333, 0.916666666666667],
      "z": [
        [1.76668731896425, 1.64745822618951, 1.6739512520403, 1.71493546007395, 1.7470782789045, 1.75303385137473, 1.73060926069222, 1.71987027562783, 1.72518168631795, 1.75547792619611, 1.73335640920177],
        [1.8876878195316, 1.7097408201154, 1.68871071029285, 1.69616885524288, 1.70635724495281, 1.70038002892527, 1.67518307884257, 1.65744062004551, 1.64848262315622, 1.65817414321472, 1.63265498540283],
        [2.00056546450031, 1.76452471968446, 1.70109173734071, 1.68054229980589, 1.67372087371151, 1.65858286155598, 1.63122995204904, 1.60701985980966, 1.5864423217537, 1.58041908651382, 1.55376529862125],
        [2.08634517323873, 1.80474109254139, 1.70854244395947, 1.66705021670142, 1.6480416921568, 1.62624044563558, 1.59615122421803, 1.56548719151172, 1.53596712058179, 1.51856715728941, 1.49214576803749],
        [2.14751894710039, 1.83197737080518, 1.71153052104142, 1.65512600771569, 1.62780622405171, 1.60142039441214, 1.56825505298898, 1.53139046093522, 1.49515626065913, 1.46982266990547, 1.44474679368274],
        [2.18545663520012, 1.84683703853365, 1.71018550851412, 1.64450051374275, 1.61234609088754, 1.58340178820804, 1.54737158016915, 1.50510596899539, 1.46428668301528, 1.43409957888548, 1.41145399243004],
        [2.19844581296834, 1.84821476461203, 1.70403869032357, 1.63507814949854, 1.60165954904204, 1.57247026262228, 1.53461501498856, 1.48864528126813, 1.44562382639582, 1.41373549565638, 1.39469515020997],
        [2.18081675241269, 1.83298831863375, 1.69197765137063, 1.62695672889889, 1.59639610780754, 1.56992573292506, 1.53259063654576, 1.48611346580331, 1.44393404314387, 1.41395496284398, 1.3997939520343],
        [2.11873190985556, 1.7936724352536, 1.67107789231744, 1.61996617170665, 1.59774732735425, 1.57834190876112, 1.54615942471464, 1.50503005795461, 1.46811597135546, 1.44472811148714, 1.43697464039941],
        [1.97616148607834, 1.71185741414618, 1.63431690923519, 1.61355492718308, 1.60830108631298, 1.60332303440062, 1.58576709271424, 1.56165162624901, 1.53760055970561, 1.5278099456365, 1.52797805351262],
        [1.64640722652212, 1.53780515951806, 1.56241984809522, 1.60326617406604, 1.62989030460389, 1.65277630644503, 1.66963840351683, 1.68727304830162, 1.69072005258362, 1.7049961535327, 1.71139117499678]
      ],
      "colorscale": "Jet",
      "showscale": false,
      "scene": "scene3",
      "alpha_stroke": 1,
      "sizes": [10, 100],
      "spans": [1, 20],
      "type": "surface"
    }
  },
  "layout": {
    "margin": {
      "b": 40,
      "l": 60,
      "t": 25,
      "r": 10
    },
    "scene3": {
      "camera": {
        "eye": {
          "x": -1.5,
          "y": -1.5,
          "z": 0.5
        }
      },
      "aspectratio": {
        "x": 1,
        "y": 1,
        "z": 1
      },
      "xaxis": {
        "title": "𝛕-materials"
      },
      "yaxis": {
        "title": "𝛕-productivity"
      },
      "zaxis": {
        "title": "Materials Productivity"
      }
    },
    "scene": {
      "camera": {
        "eye": {
          "x": -1.5,
          "y": -1.5,
          "z": 0.5
        }
      },
      "aspectratio": {
        "x": 1,
        "y": 1,
        "z": 1
      },
      "xaxis": {
        "title": "𝛕-materials"
      },
      "yaxis": {
        "title": "𝛕-productivity"
      },
      "zaxis": {
        "title": "Materials Productivity"
      }
    },
    "hovermode": "closest",
    "showlegend": false
  },
  "source": "A",
  "config": {
    "showSendToCloud": false
  },
  "data": [
    {
      "colorbar": {
        "title": "",
        "ticklen": 2
      },
      "colorscale": "Jet",
      "showscale": false,
      "x": [0.0833333333333333, 0.166666666666667, 0.25, 0.333333333333333, 0.416666666666667, 0.5, 0.583333333333333, 0.666666666666667, 0.75, 0.833333333333333, 0.916666666666667],
      "y": [0.0833333333333333, 0.166666666666667, 0.25, 0.333333333333333, 0.416666666666667, 0.5, 0.583333333333333, 0.666666666666667, 0.75, 0.833333333333333, 0.916666666666667],
      "z": [
        [1.76668731896425, 1.64745822618951, 1.6739512520403, 1.71493546007395, 1.7470782789045, 1.75303385137473, 1.73060926069222, 1.71987027562783, 1.72518168631795, 1.75547792619611, 1.73335640920177],
        [1.8876878195316, 1.7097408201154, 1.68871071029285, 1.69616885524288, 1.70635724495281, 1.70038002892527, 1.67518307884257, 1.65744062004551, 1.64848262315622, 1.65817414321472, 1.63265498540283],
        [2.00056546450031, 1.76452471968446, 1.70109173734071, 1.68054229980589, 1.67372087371151, 1.65858286155598, 1.63122995204904, 1.60701985980966, 1.5864423217537, 1.58041908651382, 1.55376529862125],
        [2.08634517323873, 1.80474109254139, 1.70854244395947, 1.66705021670142, 1.6480416921568, 1.62624044563558, 1.59615122421803, 1.56548719151172, 1.53596712058179, 1.51856715728941, 1.49214576803749],
        [2.14751894710039, 1.83197737080518, 1.71153052104142, 1.65512600771569, 1.62780622405171, 1.60142039441214, 1.56825505298898, 1.53139046093522, 1.49515626065913, 1.46982266990547, 1.44474679368274],
        [2.18545663520012, 1.84683703853365, 1.71018550851412, 1.64450051374275, 1.61234609088754, 1.58340178820804, 1.54737158016915, 1.50510596899539, 1.46428668301528, 1.43409957888548, 1.41145399243004],
        [2.19844581296834, 1.84821476461203, 1.70403869032357, 1.63507814949854, 1.60165954904204, 1.57247026262228, 1.53461501498856, 1.48864528126813, 1.44562382639582, 1.41373549565638, 1.39469515020997],
        [2.18081675241269, 1.83298831863375, 1.69197765137063, 1.62695672889889, 1.59639610780754, 1.56992573292506, 1.53259063654576, 1.48611346580331, 1.44393404314387, 1.41395496284398, 1.3997939520343],
        [2.11873190985556, 1.7936724352536, 1.67107789231744, 1.61996617170665, 1.59774732735425, 1.57834190876112, 1.54615942471464, 1.50503005795461, 1.46811597135546, 1.44472811148714, 1.43697464039941],
        [1.97616148607834, 1.71185741414618, 1.63431690923519, 1.61355492718308, 1.60830108631298, 1.60332303440062, 1.58576709271424, 1.56165162624901, 1.53760055970561, 1.5278099456365, 1.52797805351262],
        [1.64640722652212, 1.53780515951806, 1.56241984809522, 1.60326617406604, 1.62989030460389, 1.65277630644503, 1.66963840351683, 1.68727304830162, 1.69072005258362, 1.7049961535327, 1.71139117499678]
      ],
      "scene": "scene3",
      "type": "surface",
      "frame": null
    }
  ],
  "highlight": {
    "on": "plotly_click",
    "persistent": false,
    "dynamic": false,
    "selectize": false,
    "opacityDim": 0.2,
    "selected": {
      "opacity": 1
    },
    "debounce": 0
  },
  "shinyEvents": ["plotly_hover", "plotly_click", "plotly_selected", "plotly_relayout", "plotly_brushed", "plotly_brushing", "plotly_clickannotation", "plotly_doubleclick", "plotly_deselect", "plotly_afterplot", "plotly_sunburstclick"],
  "base_url": "https://plot.ly"
}
