{
  "data": [
    {
      "colorbar": {
        "title": "",
        "ticklen": 2
      },
      "colorscale": "Jet",
      "showscale": false,
      "x": [0.0833333333333333, 0.166666666666667, 0.25, 0.333333333333333, 0.416666666666667, 0.5, 0.583333333333333, 0.666666666666667, 0.75, 0.833333333333333, 0.916666666666667],
      "y": [0.0833333333333333, 0.166666666666667, 0.25, 0.333333333333333, 0.416666666666667, 0.5, 0.583333333333333, 0.666666666666667, 0.75, 0.833333333333333, 0.916666666666667],
      "z": [
        [0.269058481646806, 0.271246713300605, 0.269514547771845, 0.26953259426432, 0.27146538846714, 0.273118342760439, 0.274342297038899, 0.273286230447701, 0.272173324387853, 0.273076165729513, 0.280845260182172],
        [0.266310871580615, 0.267096163201296, 0.265005632237868, 0.264075423941973, 0.265749704890213, 0.267026909065097, 0.268809539842445, 0.268607889562425, 0.268589410563098, 0.270161949595299, 0.27703311560015],
        [0.264308269091856, 0.264098686460577, 0.261757583515939, 0.260148501846298, 0.261635427374145, 0.262638386839383, 0.264813892689457, 0.265216998312022, 0.26597360248298, 0.268012900546311, 0.274229957022362],
        [0.262711839348201, 0.261725129986736, 0.259190407882883, 0.257047221840066, 0.258385405101374, 0.259169524515983, 0.261649958354488, 0.262524780604497, 0.263886224686546, 0.266285289758335, 0.271981105571886],
        [0.261342276134686, 0.259699779492223, 0.25700314046016, 0.254406584956706, 0.255617582347317, 0.256213811679001, 0.258950197286122, 0.260222611352642, 0.262094037437586, 0.264793327707643, 0.270042112797019],
        [0.259840774769206, 0.257490539219704, 0.254620695487909, 0.251532071233637, 0.252604061352906, 0.252994146537608, 0.256005331678631, 0.257706341255017, 0.260127711643713, 0.263147485817308, 0.267906316213763],
        [0.25843331745242, 0.255430031204675, 0.252401809954435, 0.248856530226073, 0.249798617539509, 0.24999532839375, 0.253258739118794, 0.255354763039058, 0.258283171333437, 0.261595359642804, 0.265895053133316],
        [0.257329811760128, 0.253821335692252, 0.250671562615492, 0.246771273731662, 0.247611774129416, 0.247656777985831, 0.251114409337942, 0.253515700235573, 0.256836069738496, 0.260372251567154, 0.264312048310466],
        [0.256148264659533, 0.25210536901817, 0.248827943327971, 0.244550419549728, 0.245282398280951, 0.245164877353639, 0.248827101587805, 0.251551022995678, 0.255285766598397, 0.259056767435781, 0.262611296766198],
        [0.25441450537115, 0.249599281186278, 0.246139097232257, 0.241313290724955, 0.241886484270028, 0.241530318197575, 0.245486616299924, 0.248676242351686, 0.253009337476638, 0.257115749230536, 0.260105100296776],
        [0.251467658631697, 0.245370929577568, 0.241612100546279, 0.235868223555605, 0.236172731063122, 0.23541051630011, 0.239850492970771, 0.243811375314473, 0.249135988764649, 0.253788402469205, 0.255817520344903]
      ],
      "scene": "scene1",
      "hovertemplate": "<i>𝛕-output<i>: %{x:.2f} <br>𝛕-labor: %{y:.2f}<br> Estimate: %{z:.3f}",
      "name": " ",
      "type": "surface",
      "frame": null
    },
    {
      "colorbar": {
        "title": "",
        "ticklen": 2
      },
      "colorscale": "Jet",
      "showscale": false,
      "x": [0.0833333333333333, 0.166666666666667, 0.25, 0.333333333333333, 0.416666666666667, 0.5, 0.583333333333333, 0.666666666666667, 0.75, 0.833333333333333, 0.916666666666667],
      "y": [0.0833333333333333, 0.166666666666667, 0.25, 0.333333333333333, 0.416666666666667, 0.5, 0.583333333333333, 0.666666666666667, 0.75, 0.833333333333333, 0.916666666666667],
      "z": [
        [0.270983848730947, 0.265603589586509, 0.260838328854355, 0.257729352226993, 0.259514796434969, 0.261548002112994, 0.26680670528823, 0.270712671717785, 0.27581727582133, 0.282851627261116, 0.291142395365082],
        [0.26667615333435, 0.262580293794817, 0.258591181507786, 0.255540196176471, 0.257054175692758, 0.258450636949548, 0.262781978841842, 0.265762039008291, 0.269737023594116, 0.275132155536743, 0.282058967014014],
        [0.264037351200433, 0.260728287408088, 0.257214627070339, 0.254199165967567, 0.255546852015593, 0.256553257248728, 0.26031651743908, 0.262729387217644, 0.266012391029659, 0.270403372142475, 0.276494652941338],
        [0.262096773370464, 0.259366319987775, 0.256202307507338, 0.253212970959132, 0.254438364617884, 0.255157922246107, 0.258503414562837, 0.260499171941061, 0.263273292373318, 0.26692581992297, 0.272402650593142],
        [0.260434935479349, 0.258199982296709, 0.255335395095101, 0.252368430633185, 0.253489097687753, 0.253963009812118, 0.256950741429248, 0.258589299430547, 0.26092763126954, 0.263947774952314, 0.268898413634568],
        [0.258884861783969, 0.257112084743935, 0.254526785462601, 0.251580688488818, 0.252603672156082, 0.252848459264129, 0.255502490793751, 0.256807872279374, 0.258739723775866, 0.261170013536863, 0.265629848414755],
        [0.25742836231501, 0.256089860953788, 0.253766989651705, 0.250840500445909, 0.25177169763737, 0.251801191456082, 0.254141667571083, 0.255133985607145, 0.25668389500323, 0.258559938907149, 0.262558598627662],
        [0.255928493934446, 0.255037199299338, 0.252984570065063, 0.250078272470623, 0.250914950140619, 0.2507227400699, 0.252740324304768, 0.25341025707457, 0.25456685161417, 0.255872146366573, 0.259395898920147],
        [0.254400021716402, 0.253964462441439, 0.252187229033987, 0.249301508123073, 0.250041863699414, 0.249623721646916, 0.251312256163415, 0.251653655490304, 0.252409434305756, 0.253133095207571, 0.256172883687879],
        [0.252689857152562, 0.252764207350737, 0.251295106586131, 0.248432408347523, 0.24906499184313, 0.248394060852427, 0.24971443089629, 0.249688243396624, 0.249995560774586, 0.250068447924243, 0.25256674261847],
        [0.250344935642876, 0.251118456971617, 0.250071857571689, 0.247240727265573, 0.247725537221954, 0.246707990337586, 0.247523545342452, 0.246993334853133, 0.24668573662983, 0.245866304173736, 0.24762212036432]
      ],
      "scene": "scene2",
      "hovertemplate": "<i>𝛕-output<i>: %{x:.2f} <br>𝛕-materials: %{y:.2f}<br> Estimate: %{z:.3f}",
      "name": " ",
      "type": "surface",
      "frame": null
    }
  ],
  "layout": {
    "NA": {
      "anchor": [],
      "domain": [0, 1]
    },
    "NA2": {
      "anchor": [],
      "domain": [0, 1]
    },
    "margin": {
      "b": 40,
      "l": 60,
      "t": 25,
      "r": 10
    },
    "scene1": {
      "camera": {
        "eye": {
          "x": -1.5,
          "y": -1.5,
          "z": 0.5
        }
      },
      "aspectratio": {
        "x": 1,
        "y": 1,
        "z": 1
      },
      "xaxis": {
        "title": "𝛕-output"
      },
      "yaxis": {
        "title": "𝛕-labor"
      },
      "zaxis": {
        "title": "Capital Efficiency"
      }
    },
    "scene": {
      "camera": {
        "eye": {
          "x": -1.5,
          "y": -1.5,
          "z": 0.5
        }
      },
      "aspectratio": {
        "x": 0.9,
        "y": 0.9,
        "z": 0.9
      },
      "xaxis": {
        "title": "𝛕-output"
      },
      "yaxis": {
        "title": "𝛕-labor"
      },
      "zaxis": {
        "title": "Capital"
      }
    },
    "hovermode": "closest",
    "showlegend": true,
    "scene2": {
      "camera": {
        "eye": {
          "x": -1.5,
          "y": -1.5,
          "z": 0.5
        }
      },
      "aspectratio": {
        "x": 0.9,
        "y": 0.9,
        "z": 0.9
      },
      "xaxis": {
        "title": "𝛕-output"
      },
      "yaxis": {
        "title": "𝛕-materials"
      },
      "zaxis": {
        "title": "Capital"
      }
    },
    "annotations": [
      {
        "x": 0.25,
        "y": 0.8,
        "text": "(a)",
        "font": {
          "size": 18
        },
        "xref": "paper",
        "yref": "paper",
        "xanchor": "center,",
        "yanchor": "bottom",
        "showarrow": false
      },
      {
        "x": 0.75,
        "y": 0.8,