{
  "data": [
    {
      "colorbar": {
        "title": "",
        "ticklen": 2
      },
      "colorscale": "Jet",
      "showscale": false,
      "x": [0.0833333333333333, 0.166666666666667, 0.25, 0.333333333333333, 0.416666666666667, 0.5, 0.583333333333333, 0.666666666666667, 0.75, 0.833333333333333, 0.916666666666667],
      "y": [0.0833333333333333, 0.166666666666667, 0.25, 0.333333333333333, 0.416666666666667, 0.5, 0.583333333333333, 0.666666666666667, 0.75, 0.833333333333333, 0.916666666666667],
      "z": [
        [0.196332936305671, 0.190847644198199, 0.189792403409299, 0.187998599167649, 0.188574286186278, 0.190205944927586, 0.19137220216579, 0.19078050499323, 0.19096074546451, 0.189826694079649, 0.186407523171186],
        [0.194094760455647, 0.187250651541182, 0.185773910604429, 0.18313670574652, 0.183431108034427, 0.184763691093049, 0.186437964065184, 0.186461206582149, 0.187185565632399, 0.186489993992746, 0.182393562347219],
        [0.192778355905013, 0.185168238845763, 0.183455975194122, 0.180337140044801, 0.180468236889398, 0.181624330865684, 0.183580850151897, 0.183948212112428, 0.184975238916461, 0.184517826488211, 0.180023620382976],
        [0.191826421767524, 0.183676676918266, 0.181799434546019, 0.178338529923075, 0.178352454936183, 0.179380672110987, 0.181534165024039, 0.182142805762619, 0.183381223494916, 0.183087530377516, 0.178305923335261],
        [0.190822016909691, 0.182115302527064, 0.180068616071933, 0.176252176561515, 0.17614326891322, 0.177036342169762, 0.17939148273225, 0.180248139038609, 0.181703112703302, 0.181574788420645, 0.176490149206366],
        [0.18949661821164, 0.180073543456501, 0.177810205228493, 0.173532693227233, 0.17326289416826, 0.173977305500864, 0.176589260236766, 0.17776334801818, 0.1794943529447, 0.179573182061516, 0.174088981394083],
        [0.188397667870658, 0.178395944088936, 0.175958686299912, 0.171305534241822, 0.170903317823475, 0.17146932224004, 0.174286576539422, 0.17571575599993, 0.17766761916502, 0.177909100067248, 0.172093864021747],
        [0.187735686654651, 0.177391830593063, 0.174852208065043, 0.169975574462062, 0.169494006698338, 0.169970501032801, 0.172908216260553, 0.174487653496948, 0.176569192262608, 0.176904826181464, 0.170890291478306],
        [0.186866579193221, 0.176080637212918, 0.173409269067816, 0.168242312490238, 0.167657021630266, 0.168015874192525, 0.171108203747898, 0.172881158226552, 0.175129235406968, 0.175584262629137, 0.169308191364959],
        [0.185284492573718, 0.173713679082858, 0.170809906540169, 0.165123098348363, 0.164350273147165, 0.164494625244091, 0.167858495712014, 0.169973200199734, 0.172514037523018, 0.173174580623085, 0.166422756418896],
        [0.182497083765974, 0.169602044270515, 0.166310678136688, 0.159733432612879, 0.158633968162506, 0.158399368720212, 0.162212438482589, 0.164898248141433, 0.167924234940716, 0.168912020595227, 0.161322982103732]
      ],
      "scene": "scene1",
      "hovertemplate": "<i>𝛕-output<i>: %{x:.2f} <br>𝛕-labor: %{y:.2f}<br> Estimate: %{z:.3f}",
      "name": " ",
      "type": "surface",
      "frame": null
    },
    {
      "colorbar": {
        "title": "",
        "ticklen": 2
      },
      "colorscale": "Jet",
      "showscale": false,
      "x": [0.0833333333333333, 0.166666666666667, 0.25, 0.333333333333333, 0.416666666666667, 0.5, 0.583333333333333, 0.666666666666667, 0.75, 0.833333333333333, 0.916666666666667],
      "y": [0.0833333333333333, 0.166666666666667, 0.25, 0.333333333333333, 0.416666666666667, 0.5, 0.583333333333333, 0.666666666666667, 0.75, 0.833333333333333, 0.916666666666667],
      "z": [
        [0.196789306302588, 0.185251031467209, 0.181919548932874, 0.177547022016209, 0.177772935587029, 0.179577111479152, 0.183795561973029, 0.186427862740688, 0.189807938532273, 0.192348386205102, 0.188959958075367],
        [0.194147995508249, 0.183451652649552, 0.180535336870284, 0.176230177127106, 0.17628142794617, 0.17768956996413, 0.181288362793965, 0.183352392404258, 0.186095533431151, 0.187699324252018, 0.183553122398974],
        [0.192021532627328, 0.182003011212633, 0.179420937316574, 0.175170013445267, 0.17508064701509, 0.176169950623424, 0.1792698703088, 0.180876396953133, 0.183106755411011, 0.183956463814873, 0.179200194529322],
        [0.190337067463127, 0.180855478350525, 0.178538172212104, 0.17433021097026, 0.174129455406533, 0.174966193028955, 0.177670933263641, 0.178915051602804, 0.180739212340486, 0.180991578757436, 0.175752048114685],
        [0.189217562988652, 0.180092821929343, 0.17795148184571, 0.173772073795074, 0.173497288422914, 0.174166169352698, 0.176608271230314, 0.177611531089381, 0.17916573066969, 0.179021100436694, 0.173460391735041],
        [0.18843437654376, 0.179559280362695, 0.177541043162538, 0.173381610442794, 0.173055035065499, 0.173606486284767, 0.175864850798346, 0.176699610127894, 0.178064949436607, 0.177642587044433, 0.171857187590877],
        [0.187753704468951, 0.179095576161052, 0.177184328421267, 0.173042256382383, 0.172670669998475, 0.173120062346292, 0.175218739605817, 0.175907054106317, 0.177108253811039, 0.17644451272001, 0.170463833175377],
        [0.187115902359269, 0.17866107689331, 0.176850080223115, 0.172724275457838, 0.17231051294237, 0.172664274272062, 0.174613321671195, 0.175164414704303, 0.176211812615794, 0.17532189529533, 0.169158234754888],
        [0.186470140623772, 0.178221155173157, 0.176511660683185, 0.172402326203404, 0.17194586120781, 0.17220279806594, 0.174000348257927, 0.174412507330821, 0.17530418403755, 0.174185267859555, 0.167836342761937],
        [0.185691481277019, 0.177690697667845, 0.176103594482594, 0.17201411986914, 0.171506164233188, 0.171646350166584, 0.173261225062303, 0.173505857599084, 0.174209765714225, 0.172814722768398, 0.166242405711892],
        [0.184414723946668, 0.176820913581684, 0.175434493784009, 0.171377583128101, 0.170785198976913, 0.17073394997846, 0.172049294630873, 0.172019236144036, 0.172415262607566, 0.170567458288738, 0.163628848421082]
      ],
      "scene": "scene2",
      "hovertemplate": "<i>𝛕-output<i>: %{x:.2f} <br>𝛕-materials: %{y:.2f}<br> Estimate: %{z:.3f}",
      "name": " ",
      "type": "surface",
      "frame": null
    }
  ],
  "layout": {
    "NA": {
      "anchor": [],
      "domain": [0, 1]
    },
    "NA2": {
      "anchor": [],
      "domain": [0, 1]
    },
    "margin": {
      "b": 40,
      "l": 60,
      "t": 25,
      "r": 10
    },
    "scene1": {
      "camera": {
        "eye": {
          "x": -1.5,
          "y": -1.5,
          "z": 0.5
        }
      },
      "aspectratio": {
        "x": 1,
        "y": 1,
        "z": 1
      },
      "xaxis": {
        "title": "𝛕-output"
      },
      "yaxis": {
        "title": "𝛕-labor"
      },
      "zaxis": {
        "title": "Capital Efficiency"
      }
    },
    "scene": {
      "camera": {
        "eye": {
          "x": -1.5,
          "y": -1.5,
          "z": 0.5
        }
      },
      "aspectratio": {
        "x": 0.9,
        "y": 0.9,
        "z": 0.9
      },
      "xaxis": {
        "title": "𝛕-output",
        "titlefont": {
          "size": 18
        },
        "tickfont": {
          "size": 14
        }
      },
      "yaxis": {
        "title": "𝛕-labor",
        "titlefont": {
          "size": 18
        },
        "tickfont": {
          "size": 14
        }
      },
      "zaxis": {
        "title": "Capital",
        "titlefont": {
          "size": 18
        },
        "tickfont": {
          "size": 14
        }
      }
    },
    "hovermode": "closest",
    "showlegend": true,
    "scene2": {
      "camera": {
        "eye": {
          "x": -1.5,
          "y": -1.5,
          "z": 0.5
        }
      },
      "aspectratio": {
        "x": 0.9,
        "y": 0.9,
        "z": 0.9
      },
      "xaxis": {
        "title": "𝛕-output",
        "titlefont": {
          "size": 18
        },
        "tickfont": {
          "size": 14
        }
      },