{
  "data": [
    {
      "colorbar": {
        "title": "",
        "ticklen": 2
      },
      "colorscale": "Jet",
      "showscale": false,
      "x": [0.0833333333333333, 0.166666666666667, 0.25, 0.333333333333333, 0.416666666666667, 0.5, 0.583333333333333, 0.666666666666667, 0.75, 0.833333333333333, 0.916666666666667],
      "y": [0.0833333333333333, 0.166666666666667, 0.25, 0.333333333333333, 0.416666666666667, 0.5, 0.583333333333333, 0.666666666666667, 0.75, 0.833333333333333, 0.916666666666667],
      "z": [
        [0.190948202204304, 0.19649794867776, 0.188677599031292, 0.174257109635167, 0.156562374850646, 0.137542114401364, 0.116611682602016, 0.0976003852312407, 0.0746118635801619, 0.046829359326908, 0.0172140880910606],
        [0.152306092909271, 0.159897606340114, 0.152633949592309, 0.140482791702086, 0.124652336966299, 0.107550803429925, 0.0883667224626138, 0.0704144176238951, 0.0481702585539391, 0.0203183692551106, -0.0100679274165059],
        [0.115500176568319, 0.123306521740641, 0.11584491750876, 0.104375276112933, 0.0897436457779515, 0.0745256254545209, 0.0588600128636985, 0.0443653199242296, 0.0257856609471317, 0.00137005461962024, -0.0276147668471632],
        [0.0883304204805003, 0.094508965082351, 0.0862287364450606, 0.073914336092613, 0.059651844768295, 0.0456803537739884, 0.0339400730457445, 0.0237414065259848, 0.00988333905372116, -0.00967523393843017, -0.0366531460113205],
        [0.0874275062014053, 0.0935175042485001, 0.085197366715966, 0.0728295018878298, 0.0585695968476612, 0.0446360833165729, 0.0330499001861237, 0.0230250058945677, 0.00935927949650003, -0.00999746111012044, -0.0368940439900695],
        [0.0865485091893252, 0.0925499554572527, 0.0841900978409623, 0.0717684488488971, 0.0575103995172548, 0.0436136259782237, 0.0321790832241931, 0.0223254883630726, 0.00884944506169967, -0.0103080271858917, -0.0371244136189562],
        [0.0858889185881466, 0.0918223841463337, 0.0834321545873678, 0.0709690141180551, 0.0567119253579831, 0.0428425711586852, 0.0315228795366705, 0.0217992182273933, 0.00846710444715758, -0.0105390192856738, -0.0372945556037684],
        [0.0826217895381895, 0.0881989530447871, 0.0796510369818948, 0.0669678880582535, 0.0527100287080598, 0.0389746007591988, 0.0282374391931001, 0.0191752632030489, 0.00657656233634435, -0.0116564743238408, -0.0381018606506719],
        [0.0813882659974124, 0.0868223538360749, 0.0782117309799827, 0.06543917331491, 0.0511786019990957, 0.0374929280549994, 0.026981706288296, 0.0181771502595469, 0.00586438084384969, -0.0120664479993772, -0.0383908263111961],
        [0.0805703458887654, 0.0859069587291325, 0.0772537884102863, 0.0644200090337818, 0.0501568999376522, 0.036503975014984, 0.0261444121580308, 0.0175130962026715, 0.0053926978118348, -0.012334565624637, -0.0385774835699174],
        [0.0800285062166626, 0.0852993986950553, 0.0766176155870615, 0.0637424252281103, 0.0494773088036432, 0.0358459736673937, 0.0255876943462683, 0.0170722129465654, 0.00508048195200088, -0.0125105196301055, -0.0386989270600317]
      ],
      "scene": "scene1",
      "hovertemplate": "<i>𝛕-output<i>: %{x:.2f} <br>𝛕-capital: %{y:.2f}<br> Estimate: %{z:.3f}",
      "name": " ",
      "type": "surface",
      "frame": null
    },
    {
      "colorbar": {
        "title": "",
        "ticklen": 2
      },
      "colorscale": "Jet",
      "showscale": false,
      "x": [0.0833333333333333, 0.166666666666667, 0.25, 0.333333333333333, 0.416666666666667, 0.5, 0.583333333333333, 0.666666666666667, 0.75, 0.833333333333333, 0.916666666666667],
      "y": [0.0833333333333333, 0.166666666666667, 0.25, 0.333333333333333, 0.416666666666667, 0.5, 0.583333333333333, 0.666666666666667, 0.75, 0.833333333333333, 0.916666666666667],
      "z": [
        [0.11840935038747, 0.124928708670888, 0.117193104332659, 0.105139351855595, 0.0902357103907811, 0.0742882644753923, 0.0578949479507178, 0.0425041478049695, 0.0226124235967002, -0.00349973589008294, -0.0348290679892749],
        [0.1146951239595, 0.121605610351321, 0.113918012235081, 0.102050318567652, 0.0873028555453154, 0.0717556742794794, 0.0559685866770169, 0.0412687428585367, 0.0222563660192919, -0.00282895357678206, -0.0331144260585024],
        [0.111704879628033, 0.118930254902294, 0.111281305569578, 0.0995634038740775, 0.0849416767785535, 0.0697167400292064, 0.0544177143781006, 0.0402741447343302, 0.0219697116719686, -0.00228892106963832, -0.031734004478553],
        [0.109336175027546, 0.1168109876928, 0.109192653768456, 0.0975934089095515, 0.0830712827948417, 0.0681016101590846, 0.0531891999351318, 0.039486279633257, 0.021742640103231, -0.00186113746994263, -0.0306405115781132],
        [0.107761921397781, 0.115402511474914, 0.10780452471321, 0.0962841398166963, 0.0818282090416428, 0.0670281862884777, 0.0523727227261699, 0.0389626603120155, 0.0215917271353465, -0.00157683022266665, -0.0299137704018246],
        [0.106660600115227, 0.114417165273132, 0.106833413043166, 0.0953681972460144, 0.080958575613904, 0.0662772370566961, 0.0518015290443203, 0.0385963450680569, 0.0214861509688367, -0.00137793366858581, -0.0294053545346337],
        [0.105703435129398, 0.113560794931247, 0.105989414018885, 0.0945721460195693, 0.0802027719436, 0.0656245825387249, 0.0513051011616906, 0.0382779782745999, 0.0213943940841546, -0.00120507147080209, -0.0289634872303112],
        [0.104806554135054, 0.11275836035087, 0.105198571588029, 0.0938262315470461, 0.0794945701629387, 0.0650130333891978, 0.0508399392099012, 0.0379796628007693, 0.0213084162149368, -0.00104309644859796, -0.0285494495323845],
        [0.103898480269119, 0.111945911568747, 0.104397859622828, 0.0930710082309173, 0.0787775301845213, 0.0643938522448513, 0.0503689721423512, 0.0376776244174185, 0.0212213653613922, -0.00087910001481753, -0.0281302447378017],
        [0.102803525018001, 0.110966261020899, 0.103432361326027, 0.0921603601363263, 0.0779129235494422, 0.0636472437685716, 0.049801080164548, 0.0373134266067608, 0.0211163994629355, -0.000681353154051365, -0.0276247676964054],
        [0.101008141518013, 0.109359941102744, 0.101849246664882, 0.0906671826191128, 0.0764952395984165, 0.0624230398224331, 0.0488699152738527, 0.0367162563211998, 0.020944288281261, -0.000357110267749386, -0.0267959437432629]
      ],
      "scene": "scene2",
      "hovertemplate": "<i>𝛕-output<i>: %{x:.2f} <br>𝛕-materials: %{y:.2f}<br> Estimate: %{z:.3f}",
      "name": " ",
      "type": "surface",
      "frame": null
    }
  ],
  "layout": {
    "NA": {
      "anchor": [],
      "domain": [0, 1]
    },
    "NA2": {
      "anchor": [],
      "domain": [0, 1]
    },
    "margin": {
      "b": 40,
      "l": 60,
      "t": 25,
      "r": 10
    },
    "scene1": {
      "camera": {
        "eye": {
          "x": -1.5,
          "y": -1.5,
          "z": 0.5
        }
      },
      "aspectratio": {
        "x": 1,
        "y": 1,
        "z": 1
      },
      "xaxis": {
        "title": "𝛕-output"
      },
      "yaxis": {
        "title": "𝛕-capital"
      },
      "zaxis": {
        "title": "Labor Efficiency"
      }
    },
    "scene": {
      "camera": {
        "eye": {
          "x": -1.5,
          "y": -1.5,
          "z": 0.5
        }
      },
      "aspectratio": {
        "x": 0.9,
        "y": 0.9,
        "z": 0.9
      },
      "xaxis": {
        "title": "𝛕-output",
        "titlefont": {
          "size": 18
        },
        "tickfont": {
          "size": 14
        }
      },
      "yaxis": {
        "title": "𝛕-capital",
        "titlefont": {
          "size": 18
        },
        "tickfont": {
          "size": 14
        }
      },
      "zaxis": {
        "title": "Labor",
        "titlefont": {
          "size": 18
        },
        "tickfont": {
          "size": 14
        }
      }
    },
    "hovermode": "closest",
    "showlegend": true,
    "scene2": {
      "camera": {
        "eye": {
          "x": -1.5,
          "y": -1.5,
          "z": 0.5
        }
      },