{
  "data": [
    {
      "colorbar": {
        "title": "",
        "ticklen": 2
      },
      "colorscale": "Jet",
      "showscale": false,
      "x": [0.0833333333333333, 0.166666666666667, 0.25, 0.333333333333333, 0.416666666666667, 0.5, 0.583333333333333, 0.666666666666667, 0.75, 0.833333333333333, 0.916666666666667],
      "y": [0.0833333333333333, 0.166666666666667, 0.25, 0.333333333333333, 0.416666666666667, 0.5, 0.583333333333333, 0.666666666666667, 0.75, 0.833333333333333, 0.916666666666667],
      "z": [
        [0.237007368741092, 0.235311153968057, 0.226991232703541, 0.213042013389591, 0.192817390625744, 0.174136435232898, 0.151905994157443, 0.129779875539375, 0.105245018380934, 0.0733592507592679, 0.0417129781973679],
        [0.188412894189539, 0.187939326349068, 0.180614734609005, 0.168258235701974, 0.149914962757455, 0.132994620654041, 0.113090043665002, 0.093070659330459, 0.0689453124003906, 0.0372056790841071, 0.00270006839140013],
        [0.147601985144272, 0.148106154416828, 0.141495121694531, 0.130269441662155, 0.113560605852867, 0.0982640018215161, 0.0808536725041411, 0.0635826961666852, 0.0412084209078252, 0.01126286439401, -0.0240009018161959],
        [0.10894485366722, 0.110110776561935, 0.104003310612901, 0.0935198187234833, 0.0783581052480302, 0.0646649178025722, 0.0501607622208935, 0.0364634607014235, 0.0171406827571167, -0.00953653827388401, -0.044179457304326],
        [0.071995535074545, 0.0733888108344446, 0.0675658255664607, 0.0573960989957981, 0.0436708726560222, 0.0315114434495579, 0.0202905091078949, 0.0109012129142975, -0.00422540244819328, -0.026401661085324, -0.0594373500045383],
        [0.0363896869090934, 0.0374680176721774, 0.0316964549406176, 0.0213668578963753, 0.00894794692839329, -0.00178600231922875, -0.00935577491784209, -0.0137425271369853, -0.0236060562171324, -0.0401910566400178, -0.0709086344921435],
        [0.00219668976163527, 0.00230441459620524, -0.00367392648808644, -0.0146990961983452, -0.0259746410011083, -0.0354384774476896, -0.0390017844981509, -0.037718420385283, -0.0412878258682162, -0.0512780693037731, -0.0791541226605403],
        [-0.0312948458019273, -0.0329723067953185, -0.0394604839802642, -0.05182357119567, -0.0621256168854161, -0.0704873870032136, -0.0695632281170452, -0.0617560768952115, -0.0577724988201703, -0.0599657834661873, -0.0844849556100275],
        [-0.0402143188649968, -0.0425336358071973, -0.0492183064456407, -0.0620677362396723, -0.0721400642922433, -0.0802374910224641, -0.0780086950207871, -0.0682757357691641, -0.0620111053332653, -0.0618698966408131, -0.085389484769901],
        [-0.049958427513946, -0.0530671476220764, -0.0599987761457444, -0.0734486204371889, -0.0832855792334682, -0.0911095015909837, -0.0873968149004529, -0.0754590952233491, -0.0665581451366591, -0.063728042084479, -0.0860978293696518],
        [-0.0531466076873774, -0.0565342219072177, -0.063554234181986, -0.077216731945096, -0.0869803006188828, -0.0947182529086075, -0.0905061799659049, -0.0778231964254621, -0.0680254873580061, -0.0642826900470444, -0.0862622252230853]
      ],
      "scene": "scene1",
      "hovertemplate": "<i>𝛕-output<i>: %{x:.2f} <br>𝛕-capital: %{y:.2f}<br> Estimate: %{z:.3f}",
      "name": " ",
      "type": "surface",
      "frame": null
    },
    {
      "colorbar": {
        "title": "",
        "ticklen": 2
      },
      "colorscale": "Jet",
      "showscale": false,
      "x": [0.0833333333333333, 0.166666666666667, 0.25, 0.333333333333333, 0.416666666666667, 0.5, 0.583333333333333, 0.666666666666667, 0.75, 0.833333333333333, 0.916666666666667],
      "y": [0.0833333333333333, 0.166666666666667, 0.25, 0.333333333333333, 0.416666666666667, 0.5, 0.583333333333333, 0.666666666666667, 0.75, 0.833333333333333, 0.916666666666667],
      "z": [
        [0.0821865321465966, 0.0821661738191978, 0.0760978867763276, 0.0653119154128012, 0.0507535790632632, 0.0374545991350389, 0.024629662304517, 0.0126986800760283, -0.00554141011268121, -0.0318440905314624, -0.0694977826947603],
        [0.0759394754202703, 0.0764810258557362, 0.0705201643198393, 0.0599839158598321, 0.0458409630381763, 0.0330867735252236, 0.0211134880205305, 0.0104823753596928, -0.00622265432295603, -0.0305651790643036, -0.0662473607479054],
        [0.0721126619846789, 0.0729984257189043, 0.0671033707526322, 0.0567200972061287, 0.0428315994558865, 0.0304111369078192, 0.0189595548034468, 0.00912471445834459, -0.00663996996630728, -0.0297817452330035, -0.0642562217327678],
        [0.0692984194095792, 0.0704373179612157, 0.064590657214593, 0.0543198815783614, 0.0406185103519163, 0.0284434709604377, 0.0173755500785074, 0.00812628922141326, -0.00694686432385588, -0.0292056071797834, -0.0627919360330193],
        [0.0668884078790626, 0.0682440815708855, 0.062438863814429, 0.0522644271588216, 0.038723304051713, 0.0267584358240382, 0.0160190679879891, 0.0072712753876189, -0.00720967711294761, -0.0287122242128298, -0.0615379768144399],
        [0.0646404777415977, 0.0661983477152673, 0.0604317857682963, 0.0503472089723682, 0.0369555567588082, 0.0251867249762532, 0.014753813887087, 0.00647376411408414, -0.0074548148567425, -0.0282520229122621, -0.0603683505770119],
        [0.0625282497480309, 0.0642761098995953, 0.0585458702037247, 0.0485457286435493, 0.0352945241246551, 0.0237098945378181, 0.0135649401376945, 0.00572439668087515, -0.00768515422365329, -0.0278196028590165, -0.0592693318666298],
        [0.0603531277877346, 0.0622966352886561, 0.0566037993798088, 0.0466906072095989, 0.0335840323736135, 0.0221890898102707, 0.0123406663338249, 0.00495271598860703, -0.00792235220455988, -0.0273743070118108, -0.0581375886367278],
        [0.0581365242975536, 0.0602794103185517, 0.0546246915205492, 0.0448001069432856, 0.0318409200081955, 0.0206392819702974, 0.0110930445286437, 0.00416631865226925, -0.00816407376405799, -0.0269205189727507, -0.0569842620466879],
        [0.0556564290127061, 0.058022394050647, 0.0524103234156097, 0.0426848793812719, 0.0298906006219892, 0.0189052455793217, 0.00969711559051392, 0.00328644079657358, -0.00843452921656128, -0.0264127883023902, -0.0556938373719466],
        [0.0522558037731956, 0.0549276474360651, 0.0493740545620575, 0.0397845487856537, 0.0272163867035319, 0.0165275918039168, 0.00778306365526385, 0.00207998116494337, -0.00880536885468529, -0.0257166046746681, -0.0539244494192245]
      ],
      "scene": "scene2",
      "hovertemplate": "<i>𝛕-output<i>: %{x:.2f} <br>𝛕-materials: %{y:.2f}<br> Estimate: %{z:.3f}",
      "name": " ",
      "type": "surface",
      "frame": null
    }
  ],
  "layout": {
    "NA": {
      "anchor": [],
      "domain": [0, 1]
    },
    "NA2": {
      "anchor": [],
      "domain": [0, 1]
    },
    "margin": {
      "b": 40,
      "l": 60,
      "t": 25,
      "r": 10
    },
    "scene1": {
      "camera": {
        "eye": {
          "x": -1.5,
          "y": -1.5,
          "z": 0.5
        }
      },
      "aspectratio": {
        "x": 1,
        "y": 1,
        "z": 1
      },
      "xaxis": {
        "title": "𝛕-output"
      },
      "yaxis": {
        "title": "𝛕-capital"
      },
      "zaxis": {
        "title": "Labor Efficiency"
      }
    },
    "scene": {
      "camera": {
        "eye": {
          "x": -1.5,
          "y": -1.5,
          "z": 0.5
        }
      },
      "aspectratio": {
        "x": 0.9,
        "y": 0.9,
        "z": 0.9
      },
      "xaxis": {
        "title": "𝛕-output"
      },
      "yaxis": {
        "title": "𝛕-capital"
      },
      "zaxis": {
        "title": "Labor"
      }
    },
    "hovermode": "closest",
    "showlegend": true,
    "scene2": {
      "camera": {
        "eye": {
          "x": -1.5,
          "y": -1.5,
          "z": 0.5
        }
      },
      "aspectratio": {
        "x": 0.9,
        "y": 0.9,
        "z": 0.9
      },
      "xaxis": {
        "title": "𝛕-output"
      },
      "yaxis": {
        "title": "𝛕-materials"
      },