{
  "data": [
    {
      "colorbar": {
        "title": "",
        "ticklen": 2
      },
      "colorscale": "Jet",
      "showscale": false,
      "x": [0.0833333333333333, 0.166666666666667, 0.25, 0.333333333333333, 0.416666666666667, 0.5, 0.583333333333333, 0.666666666666667, 0.75, 0.833333333333333, 0.916666666666667],
      "y": [0.0833333333333333, 0.166666666666667, 0.25, 0.333333333333333, 0.416666666666667, 0.5, 0.583333333333333, 0.666666666666667, 0.75, 0.833333333333333, 0.916666666666667],
      "z": [
        [0.237007368741092, 0.235311153968057, 0.226991232703541, 0.213042013389591, 0.192817390625744, 0.174136435232898, 0.151905994157443, 0.129779875539375, 0.105245018380934, 0.0733592507592679, 0.0417129781973679],
        [0.188412894189539, 0.187939326349068, 0.180614734609005, 0.168258235701974, 0.149914962757455, 0.132994620654041, 0.113090043665002, 0.093070659330459, 0.0689453124003906, 0.0372056790841071, 0.00270006839140013],
        [0.147601985144272, 0.148106154416828, 0.141495121694531, 0.130269441662155, 0.113560605852867, 0.0982640018215161, 0.0808536725041411, 0.0635826961666852, 0.0412084209078252, 0.01126286439401, -0.0240009018161959],
        [0.10894485366722, 0.110110776561935, 0.104003310612901, 0.0935198187234833, 0.0783581052480302, 0.0646649178025722, 0.0501607622208935, 0.0364634607014235, 0.0171406827571167, -0.00953653827388401, -0.044179457304326],
        [0.071995535074545, 0.0733888108344446, 0.0675658255664607, 0.0573960989957981, 0.0436708726560222, 0.0315114434495579, 0.0202905091078949, 0.0109012129142975, -0.00422540244819328, -0.026401661085324, -0.0594373500045383],
        [0.0363896869090934, 0.0374680176721774, 0.0316964549406176, 0.0213668578963753, 0.00894794692839329, -0.00178600231922875, -0.00935577491784209, -0.0137425271369853, -0.0236060562171324, -0.0401910566400178, -0.0709086344921435],
        [0.00219668976163527, 0.00230441459620524, -0.00367392648808644, -0.0146990961983452, -0.0259746410011083, -0.0354384774476896, -0.0390017844981509, -0.037718420385283, -0.0412878258682162, -0.0512780693037731, -0.0791541226605403],
        [-0.0312948458019273, -0.0329723067953185, -0.0394604839802642, -0.05182357119567, -0.0621256168854161, -0.0704873870032136, -0.0695632281170452, -0.0617560768952115, -0.0577724988201703, -0.0599657834661873, -0.0844849556100275],
        [-0.0402143188649968, -0.0425336358071973, -0.0492183064456407, -0.0620677362396723, -0.0721400642922433, -0.0802374910224641, -0.0780086950207871, -0.0682757357691641, -0.0620111053332653, -0.0618698966408131, -0.085389484769901],
        [-0.049958427513946, -0.0530671476220764, -0.0599987761457444, -0.0734486204371889, -0.0832855792334682, -0.0911095015909837, -0.0873968149004529, -0.0754590952233491, -0.0665581451366591, -0.063728042084479, -0.0860978293696518],
        [-0.0531466076873774, -0.0565342219072177, -0.063554234181986, -0.077216731945096, -0.0869803006188828, -0.0947182529086075, -0.0905061799659049, -0.0778231964254621, -0.0680254873580061, -0.0642826900470444, -0.0862622252230853]
      ],
      "scene": "scene1",
      "hovertemplate": "<i>𝛕-output<i>: %{x:.2f} <br>𝛕-capital: %{y:.2f}<br> Estimate: %{z:.3f}",
      "name": " ",
      "type": "surface",
      "frame": null
    },
    {
      "colorbar": {
        "title": "",
        "ticklen": 2
      },
      "colorscale": "Jet",
      "showscale": false,
      "x": [0.0833333333333333, 0.166666666666667, 0.25, 0.333333333333333, 0.416666666666667, 0.5, 0.583333333333333, 0.666666666666667, 0.75, 0.833333333333333, 0.916666666666667],
      "y": [0.0833333333333333, 0.166666666666667, 0.25, 0.333333333333333, 0.416666666666667, 0.5, 0.583333333333333, 0.666666666666667, 0.75, 0.833333333333333, 0.916666666666667],
      "z": [
        [-0.394618201785563, -0.381843094974837, -0.379043441139054, -0.3671089884054, -0.351531797762835, -0.335088926004475, -0.314855007950918, -0.29059472859821, -0.264376835829084, -0.230555004079423, -0.185432078417628],
        [-0.408355390772523, -0.396061294276732, -0.389694707289303, -0.376518390047039, -0.360411570064426, -0.343522098020525, -0.324456336686594, -0.302136741775116, -0.277532471614725, -0.245845060358819, -0.202428319109493],
        [-0.412426584734656, -0.40163228460174, -0.392872024753907, -0.37891151015528, -0.36254846598889, -0.345374693855237, -0.327411536083823, -0.307162457021245, -0.284435066405359, -0.255099667465282, -0.213843065002073],
        [-0.410788244370243, -0.402032233480423, -0.391353581820179, -0.376870202161405, -0.360504026983225, -0.343310020276361, -0.326731353991152, -0.309056245987586, -0.288845859500242, -0.26263992574066, -0.224408730772098],
        [-0.40559996352731, -0.399008331378499, -0.386630950120278, -0.371822645693793, -0.35571334684568, -0.338848530803113, -0.324070859942609, -0.309551625627267, -0.292593593074314, -0.270468634111838, -0.236223858632556],
        [-0.398446171302439, -0.393826240867956, -0.379771354563724, -0.364791800137241, -0.349213979998556, -0.333107664872305, -0.320671347250477, -0.309977194966067, -0.297112749840974, -0.280197352186158, -0.251015147800072],
        [-0.390485469904175, -0.387372167717354, -0.371521912508592, -0.356501148985339, -0.341753106216373, -0.326916219598295, -0.317471809557488, -0.311350430924456, -0.303521901131484, -0.293109436456044, -0.270180931138092],
        [-0.38222675912753, -0.379968889918782, -0.362054672963893, -0.347117010520399, -0.333560476854972, -0.320636461158758, -0.315042952294604, -0.314478226761505, -0.312908340089665, -0.310684116904475, -0.295543315555823],
        [-0.379976085884811, -0.377816120992594, -0.359287918371734, -0.344395631213872, -0.33123104456533, -0.318949700273922, -0.314564946669939, -0.315692927500025, -0.316051866031695, -0.316368566682595, -0.303629852908065],
        [-0.3774816607914, -0.375361094789433, -0.356128767166908, -0.341298657940816, -0.328601996651482, -0.317093414714869, -0.314126334183987, -0.317216765073308, -0.319822236025197, -0.323106218567795, -0.313166269894459],
        [-0.376654665026617, -0.374531587525996, -0.355061288218184, -0.340254553570432, -0.327720334584281, -0.31648112317799, -0.314000616673165, -0.317759729723763, -0.321132960308774, -0.325432691529628, -0.316449478450362]
      ],
      "scene": "scene2",
      "hovertemplate": "<i>𝛕-output<i>: %{x:.2f} <br>𝛕-materials: %{y:.2f}<br> Estimate: %{z:.3f}",
      "name": " ",
      "type": "surface",
      "frame": null
    }
  ],
  "layout": {
    "NA": {
      "anchor": [],
      "domain": [0, 1]
    },
    "NA2": {
      "anchor": [],
      "domain": [0, 1]
    },
    "margin": {
      "b": 40,
      "l": 60,
      "t": 25,
      "r": 10
    },
    "scene1": {
      "camera": {
        "eye": {
          "x": -1.5,
          "y": -1.5,
          "z": 0.5
        }
      },
      "aspectratio": {
        "x": 1,
        "y": 1,
        "z": 1
      },
      "xaxis": {
        "title": "𝛕-output"
      },
      "yaxis": {
        "title": "𝛕-capital"
      },
      "zaxis": {
        "title": "Labor Efficiency"
      }
    },
    "scene": {
      "camera": {
        "eye": {
          "x": -1.5,
          "y": -1.5,
          "z": 0.5
        }
      },
      "aspectratio": {
        "x": 0.9,
        "y": 0.9,
        "z": 0.9
      },
      "xaxis": {
        "title": "𝛕-output"
      },
      "yaxis": {
        "title": "𝛕-capital"
      },
      "zaxis": {
        "title": "Labor"
      }
    },
    "hovermode": "closest",
    "showlegend": true,
    "scene2": {
      "camera": {
        "eye": {
          "x": -1.5,
          "y": -1.5,
          "z": 0.5
        }
      },
      "aspectratio": {
        "x": 0.9,
        "y": 0.9,
        "z": 0.9
      },
      "xaxis": {
        "title": "𝛕-output"
      },
      "yaxis": {
        "title": "𝛕-materials"
      },
      "zaxis": {
        "title": "Labor"
      }
    },
    "annotations": [
      {
        "x": 0.25,