{
  "data": [
    {
      "colorbar": {
        "title": "",
        "ticklen": 2
      },
      "colorscale": "Jet",
      "showscale": false,
      "x": [0.0833333333333333, 0.166666666666667, 0.25, 0.333333333333333, 0.416666666666667, 0.5, 0.583333333333333, 0.666666666666667, 0.75, 0.833333333333333, 0.916666666666667],
      "y": [0.0833333333333333, 0.166666666666667, 0.25, 0.333333333333333, 0.416666666666667, 0.5, 0.583333333333333, 0.666666666666667, 0.75, 0.833333333333333, 0.916666666666667],
      "z": [
        [-0.394618201785563, -0.381843094974837, -0.379043441139054, -0.3671089884054, -0.351531797762835, -0.335088926004475, -0.314855007950918, -0.29059472859821, -0.264376835829084, -0.230555004079423, -0.185432078417628],
        [-0.408355390772523, -0.396061294276732, -0.389694707289303, -0.376518390047039, -0.360411570064426, -0.343522098020525, -0.324456336686594, -0.302136741775116, -0.277532471614725, -0.245845060358819, -0.202428319109493],
        [-0.412426584734656, -0.40163228460174, -0.392872024753907, -0.37891151015528, -0.36254846598889, -0.345374693855237, -0.327411536083823, -0.307162457021245, -0.284435066405359, -0.255099667465282, -0.213843065002073],
        [-0.410788244370243, -0.402032233480423, -0.391353581820179, -0.376870202161405, -0.360504026983225, -0.343310020276361, -0.326731353991152, -0.309056245987586, -0.288845859500242, -0.26263992574066, -0.224408730772098],
        [-0.40559996352731, -0.399008331378499, -0.386630950120278, -0.371822645693793, -0.35571334684568, -0.338848530803113, -0.324070859942609, -0.309551625627267, -0.292593593074314, -0.270468634111838, -0.236223858632556],
        [-0.398446171302439, -0.393826240867956, -0.379771354563724, -0.364791800137241, -0.349213979998556, -0.333107664872305, -0.320671347250477, -0.309977194966067, -0.297112749840974, -0.280197352186158, -0.251015147800072],
        [-0.390485469904175, -0.387372167717354, -0.371521912508592, -0.356501148985339, -0.341753106216373, -0.326916219598295, -0.317471809557488, -0.311350430924456, -0.303521901131484, -0.293109436456044, -0.270180931138092],
        [-0.38222675912753, -0.379968889918782, -0.362054672963893, -0.347117010520399, -0.333560476854972, -0.320636461158758, -0.315042952294604, -0.314478226761505, -0.312908340089665, -0.310684116904475, -0.295543315555823],
        [-0.379976085884811, -0.377816120992594, -0.359287918371734, -0.344395631213872, -0.33123104456533, -0.318949700273922, -0.314564946669939, -0.315692927500025, -0.316051866031695, -0.316368566682595, -0.303629852908065],
        [-0.3774816607914, -0.375361094789433, -0.356128767166908, -0.341298657940816, -0.328601996651482, -0.317093414714869, -0.314126334183987, -0.317216765073308, -0.319822236025197, -0.323106218567795, -0.313166269894459],
        [-0.376654665026617, -0.374531587525996, -0.355061288218184, -0.340254553570432, -0.327720334584281, -0.31648112317799, -0.314000616673165, -0.317759729723763, -0.321132960308774, -0.325432691529628, -0.316449478450362]
      ],
      "scene": "scene1",
      "hovertemplate": "<i>𝛕-output<i>: %{x:.2f} <br>𝛕-capital: %{y:.2f}<br> Estimate: %{z:.3f}",
      "name": " ",
      "type": "surface",
      "frame": null
    },
    {
      "colorbar": {
        "title": "",
        "ticklen": 2
      },
      "colorscale": "Jet",
      "showscale": false,
      "x": [0.0833333333333333, 0.166666666666667, 0.25, 0.333333333333333, 0.416666666666667, 0.5, 0.583333333333333, 0.666666666666667, 0.75, 0.833333333333333, 0.916666666666667],
      "y": [0.0833333333333333, 0.166666666666667, 0.25, 0.333333333333333, 0.416666666666667, 0.5, 0.583333333333333, 0.666666666666667, 0.75, 0.833333333333333, 0.916666666666667],
      "z": [
        [-0.371166437012317, -0.367596505724226, -0.355423575707144, -0.341968021962065, -0.328297301730546, -0.31470960041492, -0.305171226371773, -0.298552712804604, -0.290885156238194, -0.280671667805399, -0.258314110737407],
        [-0.381935473332576, -0.377474946787002, -0.365148406896523, -0.351249433101675, -0.336823267373872, -0.322225302951062, -0.311124506216503, -0.302158957178593, -0.291712711201195, -0.277936768142063, -0.252014676327245],
        [-0.38957020950009, -0.384489156657687, -0.37205810935653, -0.357842971750293, -0.342875749717637, -0.327551658110161, -0.315330053790628, -0.30468578097305, -0.292251140062949, -0.275924057006045, -0.247451785239481],
        [-0.395532768676684, -0.3899735442634, -0.377463486517262, -0.363000363995965, -0.3476073368118, -0.331710282901504, -0.318605565910386, -0.306641473607579, -0.292643001875052, -0.274308388296904, -0.243830780399811],
        [-0.400563529121718, -0.394605352727137, -0.382030449619572, -0.367357351497148, -0.351602794697955, -0.335218223936388, -0.321362974366451, -0.308279201194272, -0.292953660837444, -0.272914684429526, -0.240735572222208],
        [-0.405991976409715, -0.399608013874336, -0.386965042020656, -0.372064590180734, -0.355917551335443, -0.339002639389832, -0.324331844774969, -0.31003347673607, -0.293267979699342, -0.271378856095075, -0.237353735317392],
        [-0.411000160052916, -0.404227786070209, -0.39152379962911, -0.37641286466099, -0.359901503710997, -0.342493289881581, -0.327064760043545, -0.311639825708108, -0.293538366217989, -0.269931966275318, -0.234194375948565],
        [-0.414873878219485, -0.407804030878995, -0.395054046112173, -0.379779817649976, -0.362985171117949, -0.345192707496853, -0.329174517463336, -0.312874188119111, -0.29373437807004, -0.268792761014482, -0.231724333624632],
        [-0.418971210244351, -0.411589566874598, -0.398792081115773, -0.383344660793091, -0.366248938157315, -0.348047447425631, -0.33140211642212, -0.314171980847374, -0.293929045221722, -0.267568438901953, -0.229086293718497],
        [-0.424891610253404, -0.41706470425607, -0.404200711893748, -0.388502167464056, -0.370968751850513, -0.352171444956853, -0.334613573382759, -0.31603275822768, -0.294186938778614, -0.265763607654103, -0.225227534406142],
        [-0.434712633332445, -0.42616117464746, -0.413192549528908, -0.397075098139124, -0.378808519425934, -0.359010027070329, -0.339921396392744, -0.319080864060591, -0.294552234209595, -0.262674102619521, -0.218700974453285]
      ],
      "scene": "scene2",
      "hovertemplate": "<i>𝛕-output<i>: %{x:.2f} <br>𝛕-labor: %{y:.2f}<br> Estimate: %{z:.3f}",
      "name": " ",
      "type": "surface",
      "frame": null
    }
  ],
  "layout": {
    "NA": {
      "anchor": [],
      "domain": [0, 1]
    },
    "NA2": {
      "anchor": [],
      "domain": [0, 1]
    },
    "margin": {
      "b": 40,
      "l": 60,
      "t": 25,
      "r": 10
    },
    "scene1": {
      "camera": {
        "eye": {
          "x": -1.5,
          "y": -1.5,
          "z": 0.5
        }
      },
      "aspectratio": {
        "x": 1,
        "y": 1,
        "z": 1
      },
      "xaxis": {
        "title": "𝛕-output"
      },
      "yaxis": {
        "title": "𝛕-capital"
      },
      "zaxis": {
        "title": "Materials Efficiency"
      }
    },
    "scene": {
      "camera": {
        "eye": {
          "x": -1.5,
          "y": -1.5,
          "z": 0.5
        }
      },
      "aspectratio": {
        "x": 0.9,
        "y": 0.9,
        "z": 0.9
      },
      "xaxis": {
        "title": "𝛕-output"
      },
      "yaxis": {
        "title": "𝛕-capital"
      },
      "zaxis": {
        "title": "Materials"
      }
    },
    "hovermode": "closest",
    "showlegend": true,
    "scene2": {
      "camera": {
        "eye": {
          "x": -1.5,
          "y": -1.5,
          "z": 0.5
        }
      },
      "aspectratio": {
        "x": 0.9,
        "y": 0.9,
        "z": 0.9
      },
      "xaxis": {
        "title": "𝛕-output"
      },
      "yaxis": {
        "title": "𝛕-labor"
      },
      "zaxis": {
        "title": "Materials"
      }
    },
    "annotations": [
      {
        "x": 0.25,
        "y": 0.8,
        "text": "(a)",