{
  "data": [
    {
      "colorbar": {
        "title": "",
        "ticklen": 2
      },
      "colorscale": "Jet",
      "showscale": false,
      "x": [0.0833333333333333, 0.166666666666667, 0.25, 0.333333333333333, 0.416666666666667, 0.5, 0.583333333333333, 0.666666666666667, 0.75, 0.833333333333333, 0.916666666666667],
      "y": [0.0833333333333333, 0.166666666666667, 0.25, 0.333333333333333, 0.416666666666667, 0.5, 0.583333333333333, 0.666666666666667, 0.75, 0.833333333333333, 0.916666666666667],
      "z": [
        [-0.400213368122588, -0.387926673207998, -0.381935824117641, -0.365564273053553, -0.349740489175661, -0.331300429543432, -0.312147676682171, -0.291787739890415, -0.267858295675552, -0.23821716118709, -0.196594288655952],
        [-0.401143546968554, -0.391062759234704, -0.383233849760976, -0.366433918969644, -0.349921749188941, -0.330807756183911, -0.311894692774618, -0.292104524196563, -0.268931929776103, -0.239761847373282, -0.199238018830098],
        [-0.393376739919317, -0.385930848384564, -0.376587113588262, -0.359869121955534, -0.343198286831422, -0.32458306533464, -0.307488898075297, -0.289991912316698, -0.269746169310673, -0.243687763207637, -0.206807297860561],
        [-0.38528506569891, -0.3791705076272, -0.368463817170699, -0.352034328639009, -0.33573532545955, -0.318582609230388, -0.304396990834231, -0.29019080771658, -0.274036563646476, -0.25279078584298, -0.220875703160041],
        [-0.384992637583622, -0.378906597816625, -0.368148263265062, -0.351731831802907, -0.33545453408085, -0.318371245399839, -0.304312226903652, -0.290245522768264, -0.274263328526017, -0.253225217685947, -0.221517683847375],
        [-0.384706227970226, -0.378646899811856, -0.3678378649827, -0.351434386634968, -0.335178857762354, -0.318164580105551, -0.30423085250719, -0.290301991678331, -0.274489758181911, -0.253657074748153, -0.222154502071337],
        [-0.384490153147598, -0.378450189103284, -0.367602834994577, -0.35120923548432, -0.334970457959324, -0.318008893156139, -0.304170515663425, -0.290346434182917, -0.274663348107512, -0.253986942325863, -0.222640069242669],
        [-0.383404231545942, -0.377451651736258, -0.366411053104434, -0.350068453809745, -0.333917970589484, -0.317229368675298, -0.303880325750313, -0.290592430430618, -0.275569667309651, -0.255694549693011, -0.225143209218725],
        [-0.382986923125303, -0.377063693286007, -0.365948667215798, -0.349626246829804, -0.333511425682365, -0.316931070632001, -0.303774228501909, -0.290696296518806, -0.275931875992928, -0.256371190409134, -0.226130857820626],
        [-0.382707817257168, -0.376802969485841, -0.365638158249095, -0.349329406549927, -0.333238941236368, -0.316731944626215, -0.303704817493404, -0.290768404260638, -0.276178045364033, -0.256829483418068, -0.226798627354803],
        [-0.38252182292266, -0.376628684699905, -0.365430704699194, -0.349131136771177, -0.333057118654022, -0.316599416469914, -0.303659220964953, -0.290817571095149, -0.276343739000312, -0.257137300999022, -0.227246650506628]
      ],
      "scene": "scene1",
      "hovertemplate": "<i>𝛕-output<i>: %{x:.2f} <br>𝛕-capital: %{y:.2f}<br> Estimate: %{z:.3f}",
      "name": " ",
      "type": "surface",
      "frame": null
    },
    {
      "colorbar": {
        "title": "",
        "ticklen": 2
      },
      "colorscale": "Jet",
      "showscale": false,
      "x": [0.0833333333333333, 0.166666666666667, 0.25, 0.333333333333333, 0.416666666666667, 0.5, 0.583333333333333, 0.666666666666667, 0.75, 0.833333333333333, 0.916666666666667],
      "y": [0.0833333333333333, 0.166666666666667, 0.25, 0.333333333333333, 0.416666666666667, 0.5, 0.583333333333333, 0.666666666666667, 0.75, 0.833333333333333, 0.916666666666667],
      "z": [
        [-0.371825551107179, -0.366565137548281, -0.357057845092291, -0.341415845506767, -0.325752809676382, -0.309812930162302, -0.296926511622315, -0.284174353576135, -0.269917732366464, -0.250924501410271, -0.221177510187987],
        [-0.378872045077027, -0.372952846701748, -0.363381524742183, -0.34737594618277, -0.331378900144132, -0.314598211443669, -0.300446984346437, -0.286271313598884, -0.270213024215117, -0.249090692704222, -0.217206512950933],
        [-0.38281973912829, -0.376543103328277, -0.366939690448867, -0.35072894111156, -0.334539498887203, -0.317276374876532, -0.302400525005264, -0.287411604657752, -0.270325309541634, -0.247984877255764, -0.214881448542947],
        [-0.385589688809315, -0.379067514731676, -0.369443294456123, -0.353087914716561, -0.336761091322999, -0.319154312455057, -0.303762771964029, -0.288196103655146, -0.270380062782554, -0.247173492361862, -0.213204649652397],
        [-0.388438795464087, -0.381668770950902, -0.372024677106086, -0.355519935104686, -0.339049673276032, -0.321084816443864, -0.305156366831263, -0.288989073792083, -0.270414894289975, -0.246307204335795, -0.211439354592758],
        [-0.392088123032664, -0.385007875946159, -0.375340679150685, -0.358643702362443, -0.341986434576214, -0.323555843634994, -0.306929708736279, -0.289983296397868, -0.270426438640862, -0.245148789347616, -0.20911579110346],
        [-0.395023140427027, -0.387699533957408, -0.378015751427997, -0.361163385844946, -0.344352934124578, -0.325541763004539, -0.308346045434754, -0.290764706405762, -0.270407676688903, -0.24417571987995, -0.207194068540392],
        [-0.396752995397063, -0.38928861476453, -0.379595920450956, -0.362651632751774, -0.345749692497761, -0.326711612683705, -0.309176529464394, -0.291217377067547, -0.270384478454778, -0.243584287207684, -0.206038506817623],
        [-0.398982039108938, -0.391339257831963, -0.381636053736793, -0.364572936281456, -0.347551748645277, -0.328218348486067, -0.310241838868628, -0.291791790753044, -0.270340897837011, -0.24280197837307, -0.204523631134531],
        [-0.402921828973123, -0.394972284989028, -0.385253285030924, -0.367979049353879, -0.350743217879428, -0.330879473882078, -0.3121109631302, -0.292781687286782, -0.270224789963107, -0.241361577177088, -0.201772314258033],
        [-0.409515761836849, -0.401078771865574, -0.39134177371699, -0.373710888602942, -0.356104045192448, -0.335327265717019, -0.31519741469426, -0.294361445266587, -0.269911830130962, -0.238775697664579, -0.196943456203751]
      ],
      "scene": "scene2",
      "hovertemplate": "<i>𝛕-output<i>: %{x:.2f} <br>𝛕-labor: %{y:.2f}<br> Estimate: %{z:.3f}",
      "name": " ",
      "type": "surface",
      "frame": null
    }
  ],
  "layout": {
    "NA": {
      "anchor": [],
      "domain": [0, 1]
    },
    "NA2": {
      "anchor": [],
      "domain": [0, 1]
    },
    "margin": {
      "b": 40,
      "l": 60,
      "t": 25,
      "r": 10
    },
    "scene1": {
      "camera": {
        "eye": {
          "x": -1.5,
          "y": -1.5,
          "z": 0.5
        }
      },
      "aspectratio": {
        "x": 1,
        "y": 1,
        "z": 1
      },
      "xaxis": {
        "title": "𝛕-output"
      },
      "yaxis": {
        "title": "𝛕-capital"
      },
      "zaxis": {
        "title": "Materials Efficiency"
      }
    },
    "scene": {
      "camera": {
        "eye": {
          "x": -1.5,
          "y": -1.5,
          "z": 0.5
        }
      },
      "aspectratio": {
        "x": 0.9,
        "y": 0.9,
        "z": 0.9
      },
      "xaxis": {
        "title": "𝛕-output",
        "titlefont": {
          "size": 18
        },
        "tickfont": {
          "size": 14
        }
      },
      "yaxis": {
        "title": "𝛕-capital",
        "titlefont": {
          "size": 18
        },
        "tickfont": {
          "size": 14
        }
      },
      "zaxis": {
        "title": "Materials",
        "titlefont": {
          "size": 18
        },
        "tickfont": {
          "size": 14
        }
      }
    },
    "hovermode": "closest",
    "showlegend": true,
    "scene2": {
      "camera": {
        "eye": {
          "x": -1.5,
          "y": -1.5,
          "z": 0.5
        }
      },