{
  "data": [
    {
      "colorbar": {
        "title": "",
        "ticklen": 2
      },
      "colorscale": "Jet",
      "showscale": false,
      "x": [0.0833333333333333, 0.166666666666667, 0.25, 0.333333333333333, 0.416666666666667, 0.5, 0.583333333333333, 0.666666666666667, 0.75, 0.833333333333333, 0.916666666666667],
      "y": [0.0833333333333333, 0.166666666666667, 0.25, 0.333333333333333, 0.416666666666667, 0.5, 0.583333333333333, 0.666666666666667, 0.75, 0.833333333333333, 0.916666666666667],
      "z": [
        [0.289354144820276, 0.290593022273111, 0.287561930249222, 0.291269161794596, 0.296793284027654, 0.306529994318036, 0.318532822545819, 0.332580977929486, 0.350698507618338, 0.37495409751661, 0.406540207472345],
        [0.293593693353917, 0.2952987130448, 0.291577592929338, 0.293471120204599, 0.296998553633656, 0.30467680560592, 0.314913517025013, 0.327467842260683, 0.343833869848485, 0.366140195560854, 0.395504005150718],
        [0.295921379565183, 0.2978947964043, 0.293777948817861, 0.294636793080961, 0.297023388263692, 0.303525479158364, 0.312753209726745, 0.324456652383298, 0.339825826504999, 0.361024731057934, 0.389131417169569],
        [0.297533169711747, 0.299698188278612, 0.295299536134847, 0.295423979182028, 0.29700004159556, 0.302666490613008, 0.311177421003972, 0.322277506510148, 0.336940171314424, 0.35735508733468, 0.384574219521467],
        [0.299171833739141, 0.301536859595716, 0.296844650832919, 0.29620619333925, 0.296939576124496, 0.3017372288425, 0.309502975413838, 0.319976807233902, 0.333906465901359, 0.353508773643967, 0.379810091390897],
        [0.301241214865475, 0.303866933376027, 0.298793024452797, 0.297165830248865, 0.296806024437624, 0.300476590194629, 0.307275696718836, 0.316938677906676, 0.329919745942258, 0.348471643643118, 0.373589826041704],
        [0.302880496276847, 0.305719704901801, 0.300333980572031, 0.297901776524677, 0.296651032807539, 0.299403018907006, 0.305414381551773, 0.314417845203477, 0.326627764862927, 0.344326743699187, 0.368486982728276],
        [0.30383582338542, 0.306802515452036, 0.301230921867962, 0.298320012571475, 0.296539087240039, 0.298744436227734, 0.304287051088747, 0.312898610230842, 0.324650463173503, 0.341843232531237, 0.36543610738231],
        [0.305054608999426, 0.308187439399937, 0.302373983376037, 0.298841441866843, 0.296371615597011, 0.297866674785399, 0.302800241617861, 0.310903201207914, 0.322060784113874, 0.338597306091564, 0.361455971453896],
        [0.307173891494711, 0.310605697482271, 0.304358026783025, 0.29971309929228, 0.296009313761147, 0.296232081813845, 0.300074800521021, 0.30726853634086, 0.317364287838646, 0.33272960058134, 0.354281658957935],
        [0.310614951052022, 0.314563323614296, 0.307568495282922, 0.301020316088058, 0.295201677637813, 0.29324383634186, 0.295217212330854, 0.300857982439032, 0.3091417497982, 0.322512518876964, 0.341850703193119]
      ],
      "scene": "scene1",
      "hovertemplate": "<i>𝛕-output<i>: %{x:.2f} <br>𝛕-labor: %{y:.2f}<br> Estimate: %{z:.3f}",
      "name": " ",
      "type": "surface",
      "frame": null
    },
    {
      "colorbar": {
        "title": "",
        "ticklen": 2
      },
      "colorscale": "Jet",
      "showscale": false,
      "x": [0.0833333333333333, 0.166666666666667, 0.25, 0.333333333333333, 0.416666666666667, 0.5, 0.583333333333333, 0.666666666666667, 0.75, 0.833333333333333, 0.916666666666667],
      "y": [0.0833333333333333, 0.166666666666667, 0.25, 0.333333333333333, 0.416666666666667, 0.5, 0.583333333333333, 0.666666666666667, 0.75, 0.833333333333333, 0.916666666666667],
      "z": [
        [0.32011705140763, 0.322361031052999, 0.317540868697478, 0.315503071109665, 0.315039354890067, 0.318608686936101, 0.325292897279415, 0.334357808413331, 0.346480247293652, 0.363684906720807, 0.386199649601654],
        [0.312901579783648, 0.31527063986607, 0.310381693181657, 0.308565868049674, 0.30821640025059, 0.311901313082359, 0.31869517004833, 0.328040043686685, 0.340549567623099, 0.358331411922255, 0.381903190766538],
        [0.307092557759574, 0.309562317429146, 0.304617993951327, 0.302980874100418, 0.302723385263428, 0.306501349716059, 0.313383480834999, 0.322953746303432, 0.335774904147262, 0.354021427653564, 0.378444203565236],
        [0.302490974856143, 0.30504050311614, 0.300052313234522, 0.298556753729355, 0.298372125490532, 0.302223800241716, 0.309175857215892, 0.318924665507465, 0.331992682332815, 0.350607298761872, 0.375704187035304],
        [0.299432738473735, 0.30203528136164, 0.2970179376356, 0.295616459886372, 0.295480255187195, 0.299380918193405, 0.306379448261523, 0.316246917059491, 0.32947899767212, 0.348338250608242, 0.373883157529569],
        [0.297293247891439, 0.299932878918699, 0.294895139654911, 0.293559479915028, 0.293457151507309, 0.297392085870327, 0.304423127730991, 0.314373609417494, 0.327720466288032, 0.34675086279761, 0.372609196007164],
        [0.295433803689892, 0.29810566824332, 0.293050203094353, 0.291771746184362, 0.291698859866382, 0.295663579672826, 0.302722877728974, 0.312745506418841, 0.326192116029126, 0.345371254453216, 0.371501988345008],
        [0.2936914706657, 0.296393538619199, 0.291321463993538, 0.290096607175184, 0.290051308630589, 0.294043937939064, 0.301129712564119, 0.311219944307873, 0.324760024048948, 0.344078536351277, 0.370464514634957],
        [0.29192739372015, 0.294660042005309, 0.289571150620448, 0.28840056281073, 0.28838319632868, 0.292404083443449, 0.299516665058991, 0.309675343527428, 0.323310059885345, 0.342769685420333, 0.369414093488078],
        [0.289800270159648, 0.292569792201435, 0.287460623172339, 0.2863554729203, 0.28637178691261, 0.290426747283472, 0.297571652761755, 0.307812864274501, 0.321561693442452, 0.341191473279747, 0.368147495919525],
        [0.286312454069392, 0.289142437517399, 0.284000019505898, 0.28300216634314, 0.283073705759389, 0.287184535593153, 0.294382442077423, 0.304758981920531, 0.318694920338895, 0.33860369991294, 0.366070672804258]
      ],
      "scene": "scene2",
      "hovertemplate": "<i>𝛕-output<i>: %{x:.2f} <br>𝛕-materials: %{y:.2f}<br> Estimate: %{z:.3f}",
      "name": " ",
      "type": "surface",
      "frame": null
    }
  ],
  "layout": {
    "NA": {
      "anchor": [],
      "domain": [0, 1]
    },
    "NA2": {
      "anchor": [],
      "domain": [0, 1]
    },
    "margin": {
      "b": 40,
      "l": 60,
      "t": 25,
      "r": 10
    },
    "scene1": {
      "camera": {
        "eye": {
          "x": -1.5,
          "y": -1.5,
          "z": 0.5
        }
      },
      "aspectratio": {
        "x": 1,
        "y": 1,
        "z": 1
      },
      "xaxis": {
        "title": "𝛕-output"
      },
      "yaxis": {
        "title": "𝛕-labor"
      },
      "zaxis": {
        "title": "Capital Elasticity"
      }
    },
    "scene": {
      "camera": {
        "eye": {
          "x": -1.5,
          "y": -1.5,
          "z": 0.5
        }
      },
      "aspectratio": {
        "x": 0.9,
        "y": 0.9,
        "z": 0.9
      },
      "xaxis": {
        "title": "𝛕-output",
        "titlefont": {
          "size": 18
        },
        "tickfont": {
          "size": 14
        }
      },
      "yaxis": {
        "title": "𝛕-labor",
        "titlefont": {
          "size": 18
        },
        "tickfont": {
          "size": 14
        }
      },
      "zaxis": {
        "title": "Capital",
        "titlefont": {
          "size": 18
        },
        "tickfont": {
          "size": 14
        }
      }
    },
    "hovermode": "closest",
    "showlegend": true,
    "scene2": {
      "camera": {
        "eye": {
          "x": -1.5,
          "y": -1.5,
          "z": 0.5
        }
      },
      "aspectratio": {
        "x": 0.9,
        "y": 0.9,
        "z": 0.9
      },
      "xaxis": {
        "title": "𝛕-output",
        "titlefont": {
          "size": 18
        },
        "tickfont": {
          "size": 14
        }
      },