{
  "data": [
    {
      "colorbar": {
        "title": "",
        "ticklen": 2
      },
      "colorscale": "Jet",
      "showscale": false,
      "x": [0.0833333333333333, 0.166666666666667, 0.25, 0.333333333333333, 0.416666666666667, 0.5, 0.583333333333333, 0.666666666666667, 0.75, 0.833333333333333, 0.916666666666667],
      "y": [0.0833333333333333, 0.166666666666667, 0.25, 0.333333333333333, 0.416666666666667, 0.5, 0.583333333333333, 0.666666666666667, 0.75, 0.833333333333333, 0.916666666666667],
      "z": [
        [0.289508387325, 0.286129685879944, 0.282056022873619, 0.287914578951328, 0.300971400301284, 0.317171295396078, 0.337631969899608, 0.359931239715766, 0.386431894841659, 0.420368311686797, 0.46367848871326],
        [0.296760127791541, 0.293415683092459, 0.28834455374987, 0.291728004728384, 0.301837739564113, 0.315298434274476, 0.33314723753233, 0.353211260613624, 0.377228307892698, 0.407968688524497, 0.447777881520707],
        [0.301864291122554, 0.298545218207474, 0.292757973713411, 0.294369627178375, 0.302369042284168, 0.313868279712023, 0.329847665714484, 0.348314642600803, 0.370557358087, 0.399016247049321, 0.436331486673153],
        [0.30582858965315, 0.302529975524797, 0.296178145474438, 0.296395939067269, 0.302734796186418, 0.312690612635567, 0.3271995088958, 0.344411893308616, 0.365260842668883, 0.391928649636568, 0.427289093619936],
        [0.309158073286778, 0.30587716967952, 0.299045279137436, 0.298079979729795, 0.303009106821811, 0.311654637253454, 0.324915513387571, 0.341064253480896, 0.360731634020431, 0.385881785693948, 0.419587988637696],
        [0.312734746769404, 0.3094734236366, 0.302119644563154, 0.299870338901943, 0.303269214067818, 0.310492438957424, 0.32239896382617, 0.337394625122747, 0.355781156718425, 0.379286903602896, 0.411202934484823],
        [0.31601950511192, 0.312776687247115, 0.304937786102322, 0.30149695139761, 0.303475528416581, 0.309378645806857, 0.320028475061695, 0.333955308111193, 0.351154642094425, 0.37313693624231, 0.403396547456968],
        [0.318550136843774, 0.31532192754685, 0.307105359062166, 0.302738262517327, 0.303612566683962, 0.308489309202324, 0.318162292514741, 0.33125904901086, 0.347536421512225, 0.368336102189021, 0.397311267817382],
        [0.321217153407158, 0.318004680639266, 0.309386293942662, 0.304034990421309, 0.303735775312662, 0.307521781708437, 0.316156881081666, 0.328372401785497, 0.343671032243344, 0.363215726472708, 0.390829173962469],
        [0.325052915577985, 0.321863707082272, 0.312660376005436, 0.305878683038479, 0.303873639009086, 0.306074150843839, 0.313200981429179, 0.324137178829355, 0.338015009277051, 0.355738738012029, 0.381378807384832],
        [0.331367961814499, 0.32821875074272, 0.31803348579451, 0.30885689868823, 0.30399498591428, 0.303540163012711, 0.308142056265281, 0.316940045523208, 0.328443413809887, 0.343126171848863, 0.365477274597912]
      ],
      "scene": "scene1",
      "hovertemplate": "<i>𝛕-output<i>: %{x:.2f} <br>𝛕-labor: %{y:.2f}<br> Estimate: %{z:.3f}",
      "name": " ",
      "type": "surface",
      "frame": null
    },
    {
      "colorbar": {
        "title": "",
        "ticklen": 2
      },
      "colorscale": "Jet",
      "showscale": false,
      "x": [0.0833333333333333, 0.166666666666667, 0.25, 0.333333333333333, 0.416666666666667, 0.5, 0.583333333333333, 0.666666666666667, 0.75, 0.833333333333333, 0.916666666666667],
      "y": [0.0833333333333333, 0.166666666666667, 0.25, 0.333333333333333, 0.416666666666667, 0.5, 0.583333333333333, 0.666666666666667, 0.75, 0.833333333333333, 0.916666666666667],
      "z": [
        [0.340470331082288, 0.336942832482445, 0.330201339195579, 0.327843238450437, 0.331319217765435, 0.338613646913006, 0.350315858715864, 0.364252048933347, 0.381409618402468, 0.402762974560905, 0.430674078195606],
        [0.329007402139312, 0.325584451533974, 0.318650769334484, 0.316466279145407, 0.320066410763934, 0.327476418758993, 0.339397596119658, 0.353874623426557, 0.371653808302555, 0.394035191421855, 0.423730529038739],
        [0.32198545685981, 0.318626550121457, 0.311575137101644, 0.309496997028728, 0.313173181694957, 0.320653990821782, 0.332709301803329, 0.347517634352186, 0.365677607540988, 0.38868873800505, 0.419477059225953],
        [0.316821511008203, 0.313509702196149, 0.306371709808792, 0.304371779721757, 0.308103893878256, 0.315636770230918, 0.327790723216572, 0.342842697984463, 0.361282703293991, 0.384756950609452, 0.416349053107935],
        [0.312399301936586, 0.30912782601781, 0.30191569031533, 0.299982736319639, 0.303762746388749, 0.311340211155977, 0.323578637445176, 0.338839258248908, 0.357519072537888, 0.381389915712472, 0.413670346276246],
        [0.30827450132033, 0.305040645771907, 0.297759353141981, 0.295888870869896, 0.299713555690168, 0.307332610150895, 0.319649828629444, 0.335105063320326, 0.354008558627143, 0.378249325253472, 0.411171791501657],
        [0.304398705011393, 0.301200198781911, 0.293853924062165, 0.292042142245761, 0.295908804909755, 0.303566938394064, 0.315958192566715, 0.331596292771754, 0.350709966010541, 0.37529832469822, 0.408824068478423],
        [0.30040750250348, 0.297245398158712, 0.289832206434257, 0.288080872945695, 0.291990763390971, 0.29968913952079, 0.312156633883695, 0.327983044629467, 0.347313154084794, 0.372259454778815, 0.406406439358801],
        [0.296340184178097, 0.293215175934687, 0.285733791038125, 0.284044058681322, 0.287998001300506, 0.295737387539238, 0.308282576061317, 0.324300888599011, 0.343851561903971, 0.369162630879965, 0.4039427038799],
        [0.291789376130811, 0.288705873671576, 0.281148189353242, 0.279527380769723, 0.283530612126959, 0.291315883422805, 0.303948001753793, 0.320181027807643, 0.339978483798773, 0.36569768174334, 0.401186099565506],
        [0.285549457527555, 0.282522866437054, 0.274860562856297, 0.273334260288116, 0.27740507474495, 0.285253262124823, 0.298004575756108, 0.314532009934824, 0.334667846243999, 0.360946657232461, 0.397406334221754]
      ],
      "scene": "scene2",
      "hovertemplate": "<i>𝛕-output<i>: %{x:.2f} <br>𝛕-materials: %{y:.2f}<br> Estimate: %{z:.3f}",
      "name": " ",
      "type": "surface",
      "frame": null
    }
  ],
  "layout": {
    "NA": {
      "anchor": [],
      "domain": [0, 1]
    },
    "NA2": {
      "anchor": [],
      "domain": [0, 1]
    },
    "margin": {
      "b": 40,
      "l": 60,
      "t": 25,
      "r": 10
    },
    "scene1": {
      "camera": {
        "eye": {
          "x": -1.5,
          "y": -1.5,
          "z": 0.5
        }
      },
      "aspectratio": {
        "x": 1,
        "y": 1,
        "z": 1
      },
      "xaxis": {
        "title": "𝛕-output"
      },
      "yaxis": {
        "title": "𝛕-labor"
      },
      "zaxis": {
        "title": "Capital Elasticity"
      }
    },
    "scene": {
      "camera": {
        "eye": {
          "x": -1.5,
          "y": -1.5,
          "z": 0.5
        }
      },
      "aspectratio": {
        "x": 0.9,
        "y": 0.9,
        "z": 0.9
      },
      "xaxis": {
        "title": "𝛕-output"
      },
      "yaxis": {
        "title": "𝛕-labor"
      },
      "zaxis": {
        "title": "Capital"
      }
    },
    "hovermode": "closest",
    "showlegend": true,
    "scene2": {
      "camera": {
        "eye": {
          "x": -1.5,
          "y": -1.5,
          "z": 0.5
        }
      },
      "aspectratio": {
        "x": 0.9,
        "y": 0.9,
        "z": 0.9
      },
      "xaxis": {
        "title": "𝛕-output"
      },
      "yaxis": {
        "title": "𝛕-materials"
      },
      "zaxis": {
        "title": "Capital"
      }
    },
    "annotations": [
      {
        "x": 0.25,
        "y": 0.8,
        "text": "(a)",
        "font": {
          "size": 18
        },
        "xref": "paper",
        "yref": "paper",
        "xanchor": "center,",
        "yanchor": "bottom",
        "showarrow": false
      },
      {
        "x": 0.75,
        "y": 0.8,
        "text": "(b)",