{
  "data": [
    {
      "colorbar": {
        "title": "",
        "ticklen": 2
      },
      "colorscale": "Jet",
      "showscale": false,
      "x": [0.0833333333333333, 0.166666666666667, 0.25, 0.333333333333333, 0.416666666666667, 0.5, 0.583333333333333, 0.666666666666667, 0.75, 0.833333333333333, 0.916666666666667],
      "y": [0.0833333333333333, 0.166666666666667, 0.25, 0.333333333333333, 0.416666666666667, 0.5, 0.583333333333333, 0.666666666666667, 0.75, 0.833333333333333, 0.916666666666667],
      "z": [
        [0.117627015828023, 0.116212430649061, 0.119494802826995, 0.12512416740448, 0.131103598786476, 0.135817166411556, 0.139179205081993, 0.141013714805804, 0.141536986774652, 0.140013661648203, 0.135254831032265],
        [0.116192224374694, 0.115844683788207, 0.120140197797597, 0.126974521872119, 0.133657365844728, 0.138727547805621, 0.14211666709794, 0.144123765152563, 0.145195060895441, 0.144796869328963, 0.14197611435745],
        [0.0964354196017278, 0.097177675696194, 0.101260184456596, 0.106319095815985, 0.110753549263755, 0.113325587246022, 0.114536130532559, 0.114733237899939, 0.113896232632448, 0.11160911008234, 0.106410972187564],
        [0.073616404495812, 0.0754049768522828, 0.0782745976149665, 0.0793651185873614, 0.0794119454075527, 0.077437051555821, 0.0748618081053332, 0.0718029311451655, 0.0672268371074515, 0.0607812120422026, 0.05014265547939],
        [0.0727351749294061, 0.0745637368973674, 0.0773732289554875, 0.0782818190673501, 0.0781311808255609, 0.0759538170354415, 0.0732110974612687, 0.0700073885693392, 0.0652626918479953, 0.0586265420565444, 0.0477383687717251],
        [0.0718687017959052, 0.0737365470505799, 0.0764861476442755, 0.077214204078644, 0.0768678015285635, 0.0744898219447716, 0.0715812176589981, 0.0682340117873945, 0.0633221493752375, 0.0564969456422417, 0.0453610593312324],
        [0.0712128632336304, 0.0731104156026667, 0.0758141899161581, 0.0764045434113644, 0.0759089390030901, 0.0733781308874195, 0.0703431934843204, 0.066886677756859, 0.0618474005180681, 0.0548780002179399, 0.043553160271866],
        [0.0678907585040269, 0.0699383656223002, 0.0724038315228251, 0.0722835403923501, 0.0710194498380217, 0.0677023761652633, 0.0640179679325329, 0.0599991575750538, 0.0543035017066267, 0.0465900222839342, 0.0342899065489149],
        [0.0666035615464173, 0.0687090808089796, 0.0710796156423435, 0.0706785112877559, 0.0691113882382771, 0.0654846541633166, 0.0615446696722971, 0.0573044428974702, 0.0513499197942054, 0.043342453932577, 0.0306568828534415],
        [0.0657397451819013, 0.067884043516503, 0.0701901178954853, 0.0695989944056987, 0.0678270050870126, 0.0639910372829918, 0.0598784265014519, 0.0554886030162074, 0.0493590613446397, 0.0411526757809131, 0.028206251153595],
        [0.0651628946847779, 0.0673330484147243, 0.0695957526486859, 0.0688770652849852, 0.0669676267019802, 0.0629913287740618, 0.0587629679429308, 0.0542728173523163, 0.0480258478149116, 0.0396859295588582, 0.0265643761565022]
      ],
      "scene": "scene1",
      "hovertemplate": "<i>𝛕-output<i>: %{x:.2f} <br>𝛕-capital: %{y:.2f}<br> Estimate: %{z:.3f}",
      "name": " ",
      "type": "surface",
      "frame": null
    },
    {
      "colorbar": {
        "title": "",
        "ticklen": 2
      },
      "colorscale": "Jet",
      "showscale": false,
      "x": [0.0833333333333333, 0.166666666666667, 0.25, 0.333333333333333, 0.416666666666667, 0.5, 0.583333333333333, 0.666666666666667, 0.75, 0.833333333333333, 0.916666666666667],
      "y": [0.0833333333333333, 0.166666666666667, 0.25, 0.333333333333333, 0.416666666666667, 0.5, 0.583333333333333, 0.666666666666667, 0.75, 0.833333333333333, 0.916666666666667],
      "z": [
        [0.117653546051511, 0.118875285228249, 0.122605546358327, 0.126770879074732, 0.130121470004672, 0.131509315142283, 0.131578143667202, 0.130835573087349, 0.128917714963513, 0.125510056633393, 0.119482533004394],
        [0.107738318476116, 0.108871489680647, 0.112654680755845, 0.116867718348012, 0.120299873421044, 0.121790917333246, 0.122001889574066, 0.121367268574539, 0.119578424244467, 0.116289496903559, 0.110179562382893],
        [0.0997557806240178, 0.100817647646648, 0.104643451489654, 0.108894895257939, 0.112392715879709, 0.113966842920179, 0.114292252029342, 0.113744538930266, 0.112059560848782, 0.108866221290241, 0.102689939521653],
        [0.0934324598388702, 0.0944378436698349, 0.0982974029682336, 0.102579269964847, 0.106129107167923, 0.1077690480237, 0.108185107630433, 0.107706238117632, 0.106103537078957, 0.102985916824508, 0.096757078470584],
        [0.0892299473364108, 0.0901977921388776, 0.094079785491808, 0.0983818719271884, 0.101966279625848, 0.103649960692038, 0.104126267099834, 0.103693151399289, 0.102145132119268, 0.0990778353155718, 0.092814067576524],
        [0.0862899404838612, 0.0872315236152546, 0.0911292114542848, 0.0954454430679351, 0.0990540357021179, 0.10076831668164, 0.101286770735128, 0.100885663629793, 0.0993758987856753, 0.0963438074191953, 0.0900556036715554],
        [0.0837347627514992, 0.0846535217057709, 0.0885648497175673, 0.0928933749911813, 0.0965229868990624, 0.0982638624482844, 0.0988189472754885, 0.0984456590337932, 0.0969691413512239, 0.0939676472430989, 0.087658206012639],
        [0.0813405147595082, 0.0822378870448409, 0.0861619961465171, 0.0905020408030331, 0.0941513481525299, 0.0959171432970874, 0.096506551825264, 0.0961593303645847, 0.0947139658768675, 0.091741141956123, 0.0854118008181329],
        [0.0789163870950731, 0.0797921058106843, 0.0837291555073459, 0.0880808633060525, 0.0917501118918137, 0.0935411376226102, 0.0941652982037703, 0.0938444688316278, 0.0924306463235755, 0.0894868503876539, 0.0831373609957967],
        [0.0759933745350548, 0.0768429833814566, 0.0807956368444675, 0.0851614080572478, 0.0888547017809439, 0.090676150546614, 0.0913422151449787, 0.0910532093469038, 0.089677420150414, 0.0867686261516733, 0.080394842000105],
        [0.0712005498829455, 0.072007346725553, 0.0759855854758281, 0.0803744162808205, 0.0841071364960186, 0.0859784695056117, 0.086713243561277, 0.0864764184525344, 0.0851629919690042, 0.0823115901791397, 0.0758979702345776]
      ],
      "scene": "scene2",
      "hovertemplate": "<i>𝛕-output<i>: %{x:.2f} <br>𝛕-materials: %{y:.2f}<br> Estimate: %{z:.3f}",
      "name": " ",
      "type": "surface",
      "frame": null
    }
  ],
  "layout": {
    "NA": {
      "anchor": [],
      "domain": [0, 1]
    },
    "NA2": {
      "anchor": [],
      "domain": [0, 1]
    },
    "margin": {
      "b": 40,
      "l": 60,
      "t": 25,
      "r": 10
    },
    "scene1": {
      "camera": {
        "eye": {
          "x": -1.5,
          "y": -1.5,
          "z": 0.5
        }
      },
      "aspectratio": {
        "x": 1,
        "y": 1,
        "z": 1
      },
      "xaxis": {
        "title": "𝛕-output"
      },
      "yaxis": {
        "title": "𝛕-capital"
      },
      "zaxis": {
        "title": "Labor Elasticity"
      }
    },
    "scene": {
      "camera": {
        "eye": {
          "x": -1.5,
          "y": -1.5,
          "z": 0.5
        }
      },
      "aspectratio": {
        "x": 0.9,
        "y": 0.9,
        "z": 0.9
      },
      "xaxis": {
        "title": "𝛕-output",
        "titlefont": {
          "size": 18
        },
        "tickfont": {
          "size": 14
        }
      },
      "yaxis": {
        "title": "𝛕-capital",
        "titlefont": {
          "size": 18
        },
        "tickfont": {
          "size": 14
        }
      },
      "zaxis": {
        "title": "Labor",
        "titlefont": {
          "size": 18
        },
        "tickfont": {
          "size": 14
        }
      }
    },
    "hovermode": "closest",
    "showlegend": true,
    "scene2": {
      "camera": {
        "eye": {
          "x": -1.5,
          "y": -1.5,
          "z": 0.5
        }
      },
      "aspectratio": {
        "x": 0.9,
        "y": 0.9,
        "z": 0.9
      },