{
  "data": [
    {
      "colorbar": {
        "title": "",
        "ticklen": 2
      },
      "colorscale": "Jet",
      "showscale": false,
      "x": [0.0833333333333333, 0.166666666666667, 0.25, 0.333333333333333, 0.416666666666667, 0.5, 0.583333333333333, 0.666666666666667, 0.75, 0.833333333333333, 0.916666666666667],
      "y": [0.0833333333333333, 0.166666666666667, 0.25, 0.333333333333333, 0.416666666666667, 0.5, 0.583333333333333, 0.666666666666667, 0.75, 0.833333333333333, 0.916666666666667],
      "z": [
        [0.119577295343259, 0.117567579185179, 0.120614695230895, 0.12617607425382, 0.132436569636292, 0.137601010386866, 0.141587853943897, 0.14441113892962, 0.14563711919551, 0.144514400360403, 0.139249915154713],
        [0.130308455083878, 0.130075780552885, 0.133496258194488, 0.138966349495859, 0.144264492574146, 0.14815916518445, 0.150555253715151, 0.151991507726303, 0.152157487270013, 0.150656137204971, 0.145700531787216],
        [0.127124941984328, 0.128266905866304, 0.131812980172333, 0.136710527940059, 0.140765932378893, 0.143181399368686, 0.143958779587868, 0.143959697960371, 0.142930538348918, 0.140602146182064, 0.134961946290585],
        [0.114519638703866, 0.116851793495837, 0.120208389403899, 0.123774345965764, 0.125855979207195, 0.126124827471761, 0.124756791614369, 0.122846503560442, 0.120064808306008, 0.116043459247467, 0.108409994482855],
        [0.0955284708226111, 0.0988989521438419, 0.101699049274562, 0.103042781274436, 0.102230427051768, 0.0995093540529029, 0.0952784933503709, 0.0908212009970512, 0.0855547843774158, 0.0787746433024825, 0.067691980857388],
        [0.0723110140728671, 0.0765906373894758, 0.0784128176143825, 0.0765057066134457, 0.0716932923247569, 0.064966059297638, 0.0569747053562019, 0.0491820371275591, 0.0405312677386339, 0.029727538240438, 0.0135682945762922],
        [0.0464557349988342, 0.0515181739171779, 0.0518811991040977, 0.0455511452371352, 0.0354532230836906, 0.0235396156507583, 0.0107257229342054, -0.0013303812676122, -0.01442259592582, -0.0307135338985682, -0.0537681047276476],
        [0.0181416887004715, 0.0238717233940853, 0.0221742951819182, 0.00993587719271793, -0.00710274000620637, -0.0257305220633194, -0.0447571784103792, -0.0622901513190923, -0.0811941441548969, -0.104839545896965, -0.137074024729835],
        [0.0100708599454706, 0.0159595268730017, 0.0135882970580209, -0.000535763896574504, -0.0197727374158655, -0.0405128154317956, -0.0614899727694277, -0.0807399240166403, -0.101481970510229, -0.127478703104695, -0.162637413672595],
        [0.00095905582432565, 0.0070107368539396, 0.00383695462675182, -0.0125129729598342, -0.0343373798379029, -0.0575572193759762, -0.0808222680825623, -0.1020851009904, -0.124989224554596, -0.153763252149922, -0.192371570429567],
        [-0.00209517417202487, 0.00400740289883339, 0.000555455141711736, -0.0165616504257619, -0.0392761714441331, -0.0633477007448986, -0.0873980881560433, -0.109351629906553, -0.132999240834334, -0.162730838426197, -0.202527690680198]
      ],
      "scene": "scene1",
      "hovertemplate": "<i>𝛕-output<i>: %{x:.2f} <br>𝛕-capital: %{y:.2f}<br> Estimate: %{z:.3f}",
      "name": " ",
      "type": "surface",
      "frame": null
    },
    {
      "colorbar": {
        "title": "",
        "ticklen": 2
      },
      "colorscale": "Jet",
      "showscale": false,
      "x": [0.0833333333333333, 0.166666666666667, 0.25, 0.333333333333333, 0.416666666666667, 0.5, 0.583333333333333, 0.666666666666667, 0.75, 0.833333333333333, 0.916666666666667],
      "y": [0.0833333333333333, 0.166666666666667, 0.25, 0.333333333333333, 0.416666666666667, 0.5, 0.583333333333333, 0.666666666666667, 0.75, 0.833333333333333, 0.916666666666667],
      "z": [
        [0.134041290123424, 0.137319798079248, 0.139729802124981, 0.14041332275281, 0.138593081136658, 0.135055391527339, 0.129822267679074, 0.124576543062318, 0.118323909253551, 0.110344586405494, 0.0988267445882798],
        [0.117323493791506, 0.120696510495927, 0.123215362295407, 0.123995919259508, 0.122369345294894, 0.118945960442848, 0.113913183780945, 0.108804654110962, 0.10276845252418, 0.0950621767979108, 0.083457544972016],
        [0.107082529058968, 0.110513439802896, 0.113098969409979, 0.113938968759774, 0.112431031459339, 0.109077667258624, 0.104167619001174, 0.099143132023392, 0.0932395121901096, 0.0857004992949591, 0.0740427017646626],
        [0.0995513129582946, 0.103024799039005, 0.10565936357505, 0.106543076917023, 0.105122385142643, 0.10182051420164, 0.0970007205402924, 0.092038038645642, 0.0862319195715835, 0.0788159119361588, 0.0671190162916269],
        [0.0931018626507661, 0.096611808649136, 0.0992883648547139, 0.100209513216014, 0.0988635352298614, 0.0956057611804167, 0.0908632581617497, 0.0859535038165261, 0.0802308807268021, 0.072920210171015, 0.0611898323714754],
        [0.0870861596000559, 0.0906301134638149, 0.0933458372577091, 0.0943019030071951, 0.0930256140553539, 0.0898089712329788, 0.0851385608009344, 0.080278174449163, 0.0746334319575881, 0.0674210142080269, 0.0556594060411816],
        [0.0814336100955484, 0.0850095188515342, 0.0877620457805007, 0.0887509210393034, 0.0875401141621333, 0.0843621195734281, 0.0797594496716853, 0.0749454510861608, 0.0693738877280584, 0.0622537914987696, 0.0504628382668917],
        [0.0756127495651684, 0.0792215647062762, 0.0820119906250994, 0.0830346523333, 0.0818912773333028, 0.07875308177294, 0.0742201694520597, 0.0694539398807514, 0.0639577346472152, 0.0569327089154125, 0.0451115368361502],
        [0.0696808799950872, 0.0733232290756439, 0.0761522767521085, 0.0772093692476502, 0.0761347121113033, 0.0730370745825086, 0.0685752501822271, 0.0638577006231513, 0.0584382906613174, 0.0515101485067981, 0.0396581812795835],
        [0.0630438780160423, 0.0667237472780288, 0.0695960077525618, 0.0706916238874087, 0.0696938532354417, 0.0666415949471381, 0.0622593088212787, 0.0575962259583617, 0.052262740065533, 0.0454429982199835, 0.0335565751680936],
        [0.0539434387778749, 0.0576747544809481, 0.0606062669256287, 0.0617547054100602, 0.0608623589814917, 0.0578723232180671, 0.0535990973630606, 0.0490106974459166, 0.0437950278158445, 0.0371239209154547, 0.0251902531678649]
      ],
      "scene": "scene2",
      "hovertemplate": "<i>𝛕-output<i>: %{x:.2f} <br>𝛕-materials: %{y:.2f}<br> Estimate: %{z:.3f}",
      "name": " ",
      "type": "surface",
      "frame": null
    }
  ],
  "layout": {
    "NA": {
      "anchor": [],
      "domain": [0, 1]
    },
    "NA2": {
      "anchor": [],
      "domain": [0, 1]
    },
    "margin": {
      "b": 40,
      "l": 60,
      "t": 25,
      "r": 10
    },
    "scene1": {
      "camera": {
        "eye": {
          "x": -1.5,
          "y": -1.5,
          "z": 0.5
        }
      },
      "aspectratio": {
        "x": 1,
        "y": 1,
        "z": 1
      },
      "xaxis": {
        "title": "𝛕-output"
      },
      "yaxis": {
        "title": "𝛕-capital"
      },
      "zaxis": {
        "title": "Labor Elasticity"
      }
    },
    "scene": {
      "camera": {
        "eye": {
          "x": -1.5,
          "y": -1.5,
          "z": 0.5
        }
      },
      "aspectratio": {
        "x": 0.9,
        "y": 0.9,
        "z": 0.9
      },
      "xaxis": {
        "title": "𝛕-output"
      },
      "yaxis": {
        "title": "𝛕-capital"
      },
      "zaxis": {
        "title": "Labor"
      }
    },
    "hovermode": "closest",
    "showlegend": true,
    "scene2": {
      "camera": {
        "eye": {
          "x": -1.5,
          "y": -1.5,
          "z": 0.5
        }
      },
      "aspectratio": {
        "x": 0.9,
        "y": 0.9,
        "z": 0.9
      },
      "xaxis": {
        "title": "𝛕-output"
      },
      "yaxis": {
        "title": "𝛕-materials"
      },
      "zaxis": {
        "title": "Labor"
      }
    },
    "annotations": [
      {
        "x": 0.25,
        "y": 0.8,
        "text": "(a)",
        "font": {
          "size": 18
        },