{
  "data": [
    {
      "colorbar": {
        "title": "",
        "ticklen": 2
      },
      "colorscale": "Jet",
      "showscale": false,
      "x": [0.0833333333333333, 0.166666666666667, 0.25, 0.333333333333333, 0.416666666666667, 0.5, 0.583333333333333, 0.666666666666667, 0.75, 0.833333333333333, 0.916666666666667],
      "y": [0.0833333333333333, 0.166666666666667, 0.25, 0.333333333333333, 0.416666666666667, 0.5, 0.583333333333333, 0.666666666666667, 0.75, 0.833333333333333, 0.916666666666667],
      "z": [
        [0.544175757060921, 0.532207196136831, 0.525156724615961, 0.517576664308747, 0.511020321453687, 0.50417362030733, 0.496446868332997, 0.487493827863386, 0.477255134412503, 0.463379619116046, 0.447350868918576],
        [0.557974886102006, 0.54838703036993, 0.545010960789074, 0.539150830160418, 0.533724994267865, 0.527020223944856, 0.51900599787253, 0.509459067053949, 0.497970044672596, 0.482427349043393, 0.463506297628108],
        [0.592357822382955, 0.585014377684943, 0.584582037553878, 0.580097341730693, 0.575445777708324, 0.568631691562141, 0.560050522474092, 0.549798983035112, 0.537024667796944, 0.519911755567016, 0.498985514747692],
        [0.622364638757962, 0.616733620637561, 0.617984820653116, 0.614547681437138, 0.610380138700324, 0.603458132089173, 0.594407469636648, 0.583858923111932, 0.570512375926308, 0.552889628541715, 0.53208806139223],
        [0.62339326190503, 0.617820490029549, 0.619118480925432, 0.615717789393186, 0.611565394289763, 0.604640028233302, 0.59557362059106, 0.58502073082491, 0.571664011585711, 0.554038949271024, 0.533275249378602],
        [0.624397104752212, 0.618881126075706, 0.620224042005389, 0.616858938597472, 0.612721221721579, 0.60579259650011, 0.596710846305695, 0.586154098644975, 0.572788071467087, 0.555161741920149, 0.534437191873527],
        [0.625152064738844, 0.619678761313986, 0.621054979833161, 0.617716649059112, 0.613589901131077, 0.606658836606667, 0.597565562965147, 0.587006160102068, 0.573633533833224, 0.556006893489828, 0.535313207255725],
        [0.628915438390771, 0.6236542498075, 0.625190192471756, 0.621985297521139, 0.617912271104545, 0.610969174984826, 0.601818654234982, 0.591249112898045, 0.577848660861348, 0.560228574233137, 0.539706639207781],
        [0.630348000041845, 0.625167211039964, 0.626761166438962, 0.623606988795486, 0.61955396215676, 0.612606329326546, 0.603434102755988, 0.59286202342233, 0.579453154902109, 0.561839032452673, 0.541390128322509],
        [0.63130190524406, 0.626174520987091, 0.627806242871948, 0.624685789675085, 0.620645932329776, 0.613695287245822, 0.604508633535016, 0.593935254670447, 0.580521429458405, 0.562912308306489, 0.54251430088418],
        [0.631935703767082, 0.626843738792554, 0.62850017054264, 0.625402098371532, 0.621370923192636, 0.614418279394235, 0.605222051479894, 0.594647978213876, 0.581231141195903, 0.563625790066651, 0.54326258280001]
      ],
      "scene": "scene1",
      "hovertemplate": "<i>𝛕-output<i>: %{x:.2f} <br>𝛕-capital: %{y:.2f}<br> Estimate: %{z:.3f}",
      "name": " ",
      "type": "surface",
      "frame": null
    },
    {
      "colorbar": {
        "title": "",
        "ticklen": 2
      },
      "colorscale": "Jet",
      "showscale": false,
      "x": [0.0833333333333333, 0.166666666666667, 0.25, 0.333333333333333, 0.416666666666667, 0.5, 0.583333333333333, 0.666666666666667, 0.75, 0.833333333333333, 0.916666666666667],
      "y": [0.0833333333333333, 0.166666666666667, 0.25, 0.333333333333333, 0.416666666666667, 0.5, 0.583333333333333, 0.666666666666667, 0.75, 0.833333333333333, 0.916666666666667],
      "z": [
        [0.652621412516538, 0.646078079877975, 0.64567761095827, 0.641177187642579, 0.636172219037023, 0.628693037969877, 0.619095857176374, 0.608090049374809, 0.59437085492579, 0.576407976780805, 0.556043283121708],
        [0.633755583044708, 0.627066388883761, 0.626812681117949, 0.622407106973917, 0.617569148633803, 0.610305088041356, 0.601008772216714, 0.590219398746742, 0.57675139239742, 0.559002935847147, 0.538391906720441],
        [0.623207447378151, 0.616436596108465, 0.616271214406404, 0.61191793991598, 0.60717404830887, 0.600030098737147, 0.590901988567658, 0.580230127405522, 0.566896911863144, 0.549259089808559, 0.52848936544581],
        [0.615815785344954, 0.608987665302212, 0.608887019503773, 0.604570062701415, 0.59989240108049, 0.592832544867984, 0.583822300292647, 0.57323120109054, 0.559989880067095, 0.542425393840681, 0.521534963244147],
        [0.608221448553356, 0.601334447281477, 0.601302855588053, 0.597022915462784, 0.592413579312349, 0.585440055039423, 0.576550903015254, 0.566041360971337, 0.552892161708773, 0.535399269606968, 0.51437631905592],
        [0.598507281233926, 0.591544898038324, 0.591605554410174, 0.587372506185196, 0.582850998071468, 0.57598780028098, 0.567253534279407, 0.556846127844066, 0.543811232242172, 0.526404136454892, 0.505198571771209],
        [0.590705710264183, 0.58368273169178, 0.583820801567741, 0.57962502441611, 0.575174417854826, 0.568399736716962, 0.559789855305743, 0.549462618103735, 0.536516521410538, 0.519173419318454, 0.497810066857148],
        [0.586112416955952, 0.579053738008773, 0.579238828837505, 0.575064827230256, 0.570656123575289, 0.563933519837969, 0.55539686899436, 0.545116027602999, 0.532220912262696, 0.514913358873379, 0.493452282696722],
        [0.580199076396847, 0.573094410288316, 0.573341663430815, 0.569195505319235, 0.564840925812897, 0.558185322753732, 0.549742944801412, 0.539520924083296, 0.526689973731987, 0.509425782780211, 0.487833453995427],
        [0.569762929905672, 0.562577026278753, 0.562938639353481, 0.558841077727346, 0.554582530470271, 0.548045050455952, 0.539769040952665, 0.529648233182465, 0.51692633010463, 0.499731801788531, 0.477892273487023],
        [0.552343445238337, 0.545021709455864, 0.545588351919227, 0.541570254115282, 0.537473553624326, 0.531132864768838, 0.523134522071728, 0.513174759730406, 0.500622121832823, 0.48352299866791, 0.461223556674996]
      ],
      "scene": "scene2",
      "hovertemplate": "<i>𝛕-output<i>: %{x:.2f} <br>𝛕-labor: %{y:.2f}<br> Estimate: %{z:.3f}",
      "name": " ",
      "type": "surface",
      "frame": null
    }
  ],
  "layout": {
    "NA": {
      "anchor": [],
      "domain": [0, 1]
    },
    "NA2": {
      "anchor": [],
      "domain": [0, 1]
    },
    "margin": {
      "b": 40,
      "l": 60,
      "t": 25,
      "r": 10
    },
    "scene1": {
      "camera": {
        "eye": {
          "x": -1.5,
          "y": -1.5,
          "z": 0.5
        }
      },
      "aspectratio": {
        "x": 1,
        "y": 1,
        "z": 1
      },
      "xaxis": {
        "title": "𝛕-output"
      },
      "yaxis": {
        "title": "𝛕-capital"
      },
      "zaxis": {
        "title": "Materials Elasticity"
      }
    },
    "scene": {
      "camera": {
        "eye": {
          "x": -1.5,
          "y": -1.5,
          "z": 0.5
        }
      },
      "aspectratio": {
        "x": 0.9,
        "y": 0.9,
        "z": 0.9
      },
      "xaxis": {
        "title": "𝛕-output",
        "titlefont": {
          "size": 18
        },
        "tickfont": {
          "size": 14
        }
      },
      "yaxis": {
        "title": "𝛕-capital",
        "titlefont": {
          "size": 18
        },
        "tickfont": {
          "size": 14
        }
      },
      "zaxis": {
        "title": "Materials",
        "titlefont": {
          "size": 18
        },
        "tickfont": {
          "size": 14
        }
      }
    },
    "hovermode": "closest",
    "showlegend": true,
    "scene2": {
      "camera": {
        "eye": {
          "x": -1.5,
          "y": -1.5,
          "z": 0.5
        }
      },
      "aspectratio": {
        "x": 0.9,
        "y": 0.9,
        "z": 0.9
      },
      "xaxis": {
        "title": "𝛕-output",
        "titlefont": {
          "size": 18
        },
        "tickfont": {
          "size": 14
        }
      },