{
  "data": [
    {
      "colorbar": {
        "title": "",
        "ticklen": 2
      },
      "colorscale": "Jet",
      "showscale": false,
      "x": [0.0833333333333333, 0.166666666666667, 0.25, 0.333333333333333, 0.416666666666667, 0.5, 0.583333333333333, 0.666666666666667, 0.75, 0.833333333333333, 0.916666666666667],
      "y": [0.0833333333333333, 0.166666666666667, 0.25, 0.333333333333333, 0.416666666666667, 0.5, 0.583333333333333, 0.666666666666667, 0.75, 0.833333333333333, 0.916666666666667],
      "z": [
        [0.535642444009721, 0.521632468466842, 0.511376264845274, 0.502370937666122, 0.49485211667011, 0.487813967770676, 0.480450843069151, 0.472538045399491, 0.462957499927687, 0.44970958219821, 0.434620991497229],
        [0.523952918651285, 0.513888930403344, 0.508103446069215, 0.502189104541871, 0.496305936889095, 0.490144728606703, 0.483050987139366, 0.474961180652152, 0.465107518740284, 0.451935707822688, 0.436352822516082],
        [0.533321622597062, 0.526324629078589, 0.5241775753217, 0.520599445672456, 0.515826882688402, 0.510227105296241, 0.503082438611294, 0.494457562397801, 0.483887722790293, 0.470023498141006, 0.453159232602745],
        [0.556040334873584, 0.551731137067979, 0.552845897155644, 0.551276573760256, 0.547346702154723, 0.542149626300218, 0.534769942037564, 0.525443488094401, 0.513934670838318, 0.499022298607229, 0.480657934761269],
        [0.586602789359667, 0.584683371688317, 0.588693935667001, 0.588896973226974, 0.58561871348015, 0.580721170541403, 0.573011123310295, 0.562976377118014, 0.550497076285006, 0.534490513789681, 0.514858784871685],
        [0.620960773166525, 0.621191939596864, 0.627733835152913, 0.629540275600216, 0.626778294951274, 0.622118278166844, 0.614049099366398, 0.603424497981819, 0.590092026275671, 0.573187194986082, 0.552884124982075],
        [0.65595864435768, 0.658115929114633, 0.666784828762129, 0.6700554896756, 0.667705430576848, 0.663247167208039, 0.654842442959169, 0.643854538756874, 0.629914509502484, 0.612512539917505, 0.592455225173203],
        [0.690417837523371, 0.694316840974774, 0.704701028887874, 0.709342505598205, 0.70732250716648, 0.703050070205335, 0.694362239473468, 0.683321164695598, 0.669111802185434, 0.651774908187355, 0.633184095066612],
        [0.699525622203353, 0.703860893089052, 0.714629008111492, 0.719624327007919, 0.717679008852195, 0.713454666401574, 0.704702058473756, 0.69370940399709, 0.679496054423763, 0.662290906748225, 0.644340260414812],
        [0.70946065481782, 0.71425763281565, 0.725406430720964, 0.730782058382126, 0.728911020890275, 0.724738280322622, 0.715920214033356, 0.705013160979593, 0.690830778988055, 0.673829294127443, 0.656709217015376],
        [0.712714315010803, 0.717658798676957, 0.728923069167189, 0.734421584245978, 0.732573056831273, 0.728416921668493, 0.719578583741939, 0.708707043580121, 0.694542876341576, 0.677621719031035, 0.660803738061971]
      ],
      "scene": "scene1",
      "hovertemplate": "<i>𝛕-output<i>: %{x:.2f} <br>𝛕-capital: %{y:.2f}<br> Estimate: %{z:.3f}",
      "name": " ",
      "type": "surface",
      "frame": null
    },
    {
      "colorbar": {
        "title": "",
        "ticklen": 2
      },
      "colorscale": "Jet",
      "showscale": false,
      "x": [0.0833333333333333, 0.166666666666667, 0.25, 0.333333333333333, 0.416666666666667, 0.5, 0.583333333333333, 0.666666666666667, 0.75, 0.833333333333333, 0.916666666666667],
      "y": [0.0833333333333333, 0.166666666666667, 0.25, 0.333333333333333, 0.416666666666667, 0.5, 0.583333333333333, 0.666666666666667, 0.75, 0.833333333333333, 0.916666666666667],
      "z": [
        [0.681843407676587, 0.679556035975316, 0.683182969697384, 0.68302413410053, 0.678673846314441, 0.673083486219385, 0.664095336136515, 0.653094450926756, 0.639149418721822, 0.621371647981981, 0.602184922807829],
        [0.652917367518896, 0.650836997367314, 0.654702797484463, 0.654731826840538, 0.65074105491201, 0.645371646936121, 0.63675723259119, 0.626010576818132, 0.61246250600278, 0.595170902937094, 0.575776643317655],
        [0.632430771172321, 0.630500099306127, 0.634541764088464, 0.634705427957749, 0.630970748021475, 0.625758217957007, 0.617407875696045, 0.606836541232026, 0.593564500511629, 0.576608588713835, 0.557047939193465],
        [0.616443414453238, 0.614631400388406, 0.618814279918176, 0.619083948999565, 0.61554999050754, 0.610460117048381, 0.60231548183917, 0.591878153010749, 0.578818483617581, 0.562119411969158, 0.542417389361041],
        [0.602962999685132, 0.601252317869113, 0.605557040487323, 0.605916747394671, 0.602552644036739, 0.597566355537498, 0.589594912879723, 0.579268614901784, 0.566385896338729, 0.549899813460516, 0.530070545462004],
        [0.588425860677182, 0.586825796148462, 0.591264816419226, 0.591722305294645, 0.588542009164319, 0.583667595147121, 0.575882651266965, 0.565674033138324, 0.552979917022133, 0.536719772587529, 0.516744862556468],
        [0.575022530865711, 0.573525715109498, 0.578091283043495, 0.578639571315225, 0.575629344507305, 0.570858238528497, 0.563244994033191, 0.553142949387959, 0.540620643152313, 0.524565299766342, 0.504448203971154],
        [0.564660955191139, 0.563244800644278, 0.567910023337547, 0.568528936456309, 0.565650584140855, 0.560959448074819, 0.553478767508682, 0.543457818405326, 0.531066935695274, 0.515167559718757, 0.49493524944852],
        [0.553706649760639, 0.552376584806202, 0.557148924887686, 0.557842919294536, 0.555104372001432, 0.550497883381393, 0.54315718599578, 0.533220724577351, 0.520967436503687, 0.505230676429099, 0.484871449951042],
        [0.5378883121291, 0.536684068033553, 0.541614345525791, 0.542417529146561, 0.539881579186727, 0.535397514133808, 0.528258653389381, 0.518441889874378, 0.506384802809339, 0.490878662359952, 0.470326718003947],
        [0.511674820626922, 0.510683106397112, 0.515883820845574, 0.51687000654852, 0.514671704044048, 0.510391022833723, 0.503585826610447, 0.493961257743687, 0.482222648645078, 0.46708744262161, 0.446190869461463]
      ],
      "scene": "scene2",
      "hovertemplate": "<i>𝛕-output<i>: %{x:.2f} <br>𝛕-labor: %{y:.2f}<br> Estimate: %{z:.3f}",
      "name": " ",
      "type": "surface",
      "frame": null
    }
  ],
  "layout": {
    "NA": {
      "anchor": [],
      "domain": [0, 1]
    },
    "NA2": {
      "anchor": [],
      "domain": [0, 1]
    },
    "margin": {
      "b": 40,
      "l": 60,
      "t": 25,
      "r": 10
    },
    "scene1": {
      "camera": {
        "eye": {
          "x": -1.5,
          "y": -1.5,
          "z": 0.5
        }
      },
      "aspectratio": {
        "x": 1,
        "y": 1,
        "z": 1
      },
      "xaxis": {
        "title": "𝛕-output"
      },
      "yaxis": {
        "title": "𝛕-capital"
      },
      "zaxis": {
        "title": "Materials Elasticity"
      }
    },
    "scene": {
      "camera": {
        "eye": {
          "x": -1.5,
          "y": -1.5,
          "z": 0.5
        }
      },
      "aspectratio": {
        "x": 0.9,
        "y": 0.9,
        "z": 0.9
      },
      "xaxis": {
        "title": "𝛕-output"
      },
      "yaxis": {
        "title": "𝛕-capital"
      },
      "zaxis": {
        "title": "Materials"
      }
    },
    "hovermode": "closest",
    "showlegend": true,
    "scene2": {
      "camera": {
        "eye": {
          "x": -1.5,
          "y": -1.5,
          "z": 0.5
        }
      },
      "aspectratio": {
        "x": 0.9,
        "y": 0.9,
        "z": 0.9
      },
      "xaxis": {
        "title": "𝛕-output"
      },
      "yaxis": {
        "title": "𝛕-labor"
      },
      "zaxis": {
        "title": "Materials"
      }
    },
    "annotations": [
      {
        "x": 0.25,
        "y": 0.8,
        "text": "(a)",
        "font": {
          "size": 18
        },
        "xref": "paper",
        "yref": "paper",
        "xanchor": "center,",
        "yanchor": "bottom",
        "showarrow": false
      },
      {
        "x": 0.75,
        "y": 0.8,