{
  "visdat": {
    "314442fa269": ["function () ", "plotlyVisDat"]
  },
  "cur_data": "314442fa269",
  "attrs": {
    "314442fa269": {
      "x": [0.0833333333333333, 0.166666666666667, 0.25, 0.333333333333333, 0.416666666666667, 0.5, 0.583333333333333, 0.666666666666667, 0.75, 0.833333333333333, 0.916666666666667],
      "y": [0.0833333333333333, 0.166666666666667, 0.25, 0.333333333333333, 0.416666666666667, 0.5, 0.583333333333333, 0.666666666666667, 0.75, 0.833333333333333, 0.916666666666667],
      "z": [
        [0.953596049149621, 0.940413092765858, 0.932966960398733, 0.928066674035597, 0.925664445677247, 0.924513222136633, 0.925387733363077, 0.92695333963114, 0.924718576479932, 0.919210582682121, 0.906392328645448],
        [0.940554752614632, 0.934943839022982, 0.931345444422136, 0.928640913075988, 0.927361020983718, 0.926345289503226, 0.92595592629195, 0.92700884769093, 0.925608637386572, 0.92237817331459, 0.914643580264142],
        [0.931585992011385, 0.931491370221414, 0.930371774422323, 0.929056519621974, 0.928454235255309, 0.927503877246325, 0.926439194896913, 0.927239171639001, 0.926401264956614, 0.92459877578307, 0.920013529227915],
        [0.924110758895535, 0.928817414772372, 0.929653507182363, 0.929416556333663, 0.929316914883292, 0.928402713748536, 0.926902969460363, 0.927557804539842, 0.927180893828906, 0.926477400627373, 0.924288453441129],
        [0.917343788664782, 0.926564043474082, 0.929079901507541, 0.929753683882746, 0.930058029522028, 0.929161502627558, 0.927372894644509, 0.927950291880398, 0.927984398633899, 0.928200872826806, 0.927993403337773],
        [0.910924099943825, 0.92457962785375, 0.928605963993986, 0.930083781035295, 0.930724597370252, 0.929831034115345, 0.927864625991969, 0.928418020645614, 0.928836275720497, 0.929856838057355, 0.931357009424688],
        [0.904465302343866, 0.922740209710408, 0.928201098788865, 0.930426413008854, 0.931357814403157, 0.930453089481082, 0.928406406229697, 0.928986330813293, 0.929785156577748, 0.931544348766282, 0.934586178970652],
        [0.897780108506569, 0.921009544843315, 0.927861396416774, 0.930792660374625, 0.931971971117138, 0.931040096509732, 0.929019065739668, 0.929682336824519, 0.930868547177983, 0.933314673063896, 0.937757690068121],
        [0.89034848842534, 0.919302336039011, 0.927583028725041, 0.931214317601858, 0.932603093759948, 0.931621528224635, 0.929765037931282, 0.93059086960152, 0.932199554111309, 0.935312259524396, 0.941069598870873],
        [0.881388191684495, 0.91756420885373, 0.927394105155099, 0.9317441643092, 0.933287766661169, 0.932217454725542, 0.930760383401947, 0.931885533046518, 0.933991529438475, 0.937764492527029, 0.944746912515414],
        [0.868666620590162, 0.915742473464267, 0.927421805481989, 0.932539704037709, 0.934105993105201, 0.932851518010086, 0.932367049406505, 0.934125574821853, 0.936913303462608, 0.941334343925096, 0.949330727192635]
      ],
      "colorscale": "Jet",
      "showscale": false,
      "scene": "scene1",
      "alpha_stroke": 1,
      "sizes": [10, 100],
      "spans": [1, 20],
      "type": "surface"
    }
  },
  "layout": {
    "margin": {
      "b": 40,
      "l": 60,
      "t": 25,
      "r": 10
    },
    "scene1": {
      "camera": {
        "eye": {
          "x": -1.5,
          "y": -1.5,
          "z": 0.5
        }
      },
      "aspectratio": {
        "x": 1,
        "y": 1,
        "z": 1
      },
      "xaxis": {
        "title": "𝛕-innovation"
      },
      "yaxis": {
        "title": "𝛕-productivity"
      },
      "zaxis": {
        "title": "Persistence"
      }
    },
    "scene": {
      "camera": {
        "eye": {
          "x": -1.5,
          "y": -1.5,
          "z": 0.5
        }
      },
      "aspectratio": {
        "x": 1,
        "y": 1,
        "z": 1
      },
      "xaxis": {
        "title": "𝛕-innovation"
      },
      "yaxis": {
        "title": "𝛕-productivity"
      },
      "zaxis": {
        "title": "Persistence"
      }
    },
    "hovermode": "closest",
    "showlegend": false
  },
  "source": "A",
  "config": {
    "showSendToCloud": false
  },
  "data": [
    {
      "colorbar": {
        "title": "",
        "ticklen": 2
      },
      "colorscale": "Jet",
      "showscale": false,
      "x": [0.0833333333333333, 0.166666666666667, 0.25, 0.333333333333333, 0.416666666666667, 0.5, 0.583333333333333, 0.666666666666667, 0.75, 0.833333333333333, 0.916666666666667],
      "y": [0.0833333333333333, 0.166666666666667, 0.25, 0.333333333333333, 0.416666666666667, 0.5, 0.583333333333333, 0.666666666666667, 0.75, 0.833333333333333, 0.916666666666667],
      "z": [
        [0.953596049149621, 0.940413092765858, 0.932966960398733, 0.928066674035597, 0.925664445677247, 0.924513222136633, 0.925387733363077, 0.92695333963114, 0.924718576479932, 0.919210582682121, 0.906392328645448],
        [0.940554752614632, 0.934943839022982, 0.931345444422136, 0.928640913075988, 0.927361020983718, 0.926345289503226, 0.92595592629195, 0.92700884769093, 0.925608637386572, 0.92237817331459, 0.914643580264142],
        [0.931585992011385, 0.931491370221414, 0.930371774422323, 0.929056519621974, 0.928454235255309, 0.927503877246325, 0.926439194896913, 0.927239171639001, 0.926401264956614, 0.92459877578307, 0.920013529227915],
        [0.924110758895535, 0.928817414772372, 0.929653507182363, 0.929416556333663, 0.929316914883292, 0.928402713748536, 0.926902969460363, 0.927557804539842, 0.927180893828906, 0.926477400627373, 0.924288453441129],
        [0.917343788664782, 0.926564043474082, 0.929079901507541, 0.929753683882746, 0.930058029522028, 0.929161502627558, 0.927372894644509, 0.927950291880398, 0.927984398633899, 0.928200872826806, 0.927993403337773],
        [0.910924099943825, 0.92457962785375, 0.928605963993986, 0.930083781035295, 0.930724597370252, 0.929831034115345, 0.927864625991969, 0.928418020645614, 0.928836275720497, 0.929856838057355, 0.931357009424688],
        [0.904465302343866, 0.922740209710408, 0.928201098788865, 0.930426413008854, 0.931357814403157, 0.930453089481082, 0.928406406229697, 0.928986330813293, 0.929785156577748, 0.931544348766282, 0.934586178970652],
        [0.897780108506569, 0.921009544843315, 0.927861396416774, 0.930792660374625, 0.931971971117138, 0.931040096509732, 0.929019065739668, 0.929682336824519, 0.930868547177983, 0.933314673063896, 0.937757690068121],
        [0.89034848842534, 0.919302336039011, 0.927583028725041, 0.931214317601858, 0.932603093759948, 0.931621528224635, 0.929765037931282, 0.93059086960152, 0.932199554111309, 0.935312259524396, 0.941069598870873],
        [0.881388191684495, 0.91756420885373, 0.927394105155099, 0.9317441643092, 0.933287766661169, 0.932217454725542, 0.930760383401947, 0.931885533046518, 0.933991529438475, 0.937764492527029, 0.944746912515414],
        [0.868666620590162, 0.915742473464267, 0.927421805481989, 0.932539704037709, 0.934105993105201, 0.932851518010086, 0.932367049406505, 0.934125574821853, 0.936913303462608, 0.941334343925096, 0.949330727192635]
      ],
      "scene": "scene1",
      "type": "surface",
      "frame": null
    }
  ],
  "highlight": {
    "on": "plotly_click",
    "persistent": false,
    "dynamic": false,
    "selectize": false,
    "opacityDim": 0.2,
    "selected": {
      "opacity": 1
    },
    "debounce": 0
  },
  "shinyEvents": ["plotly_hover", "plotly_click", "plotly_selected", "plotly_relayout", "plotly_brushed", "plotly_brushing", "plotly_clickannotation", "plotly_doubleclick", "plotly_deselect", "plotly_afterplot", "plotly_sunburstclick"],
  "base_url": "https://plot.ly"
}
