{
  "data": [
    {
      "colorbar": {
        "title": "",
        "ticklen": 2
      },
      "colorscale": "Jet",
      "showscale": false,
      "x": [0.0833333333333333, 0.166666666666667, 0.25, 0.333333333333333, 0.416666666666667, 0.5, 0.583333333333333, 0.666666666666667, 0.75, 0.833333333333333, 0.916666666666667],
      "y": [0.0833333333333333, 0.166666666666667, 0.25, 0.333333333333333, 0.416666666666667, 0.5, 0.583333333333333, 0.666666666666667, 0.75, 0.833333333333333, 0.916666666666667],
      "z": [
        [2.93194611419284, 2.09344014378834, 1.623771988842, 1.28001090368224, 1.04902316953756, 0.747764513588621, 0.248361181996675, -0.225441381220515, -0.53000323269601, -0.724271813524412, -1.16635724955182],
        [2.37676841454832, 1.80019601396298, 1.47481998740807, 1.22632257865058, 1.05812911627432, 0.833372048924246, 0.482273817954009, 0.157181500603816, -0.0698113082500234, -0.234981945715817, -0.624313310513941],
        [2.01371457763946, 1.60059466539528, 1.36591195656541, 1.17887227522995, 1.05187851238176, 0.877408159982163, 0.620224683156089, 0.389062833097, 0.211401827803776, 0.0670629671868763, -0.283861826375077],
        [1.72712182958535, 1.43762276716258, 1.27200367448822, 1.13289934172742, 1.03852218172447, 0.903926706190745, 0.718761910307671, 0.559459168658208, 0.419778633820109, 0.293128689647317, -0.0247811678874311],
        [1.4777515512707, 1.29116264757037, 1.18346010822234, 1.08556686857757, 1.01965081610172, 0.919905218454583, 0.795582956056151, 0.696835863849495, 0.589375016404021, 0.479187759854682, 0.192326444839315],
        [1.25306873926227, 1.15478931259545, 1.09720580409515, 1.035971285234, 0.995775238091012, 0.927575319583909, 0.856344655778784, 0.810290346698248, 0.731074641627041, 0.636735728855427, 0.380049922077321],
        [1.03618061087569, 1.01840785522723, 1.00698810553898, 0.980633075387545, 0.965346944879954, 0.927755034099893, 0.905918712145961, 0.908723048193773, 0.855929711460599, 0.777979922530875, 0.552786373484425],
        [0.821911782210351, 0.878138641735977, 0.909736481427483, 0.917247045264882, 0.926665987196774, 0.919495457595188, 0.944290061213365, 0.99302007606849, 0.965345610297003, 0.904860697826057, 0.71353948336528],
        [0.599855473191214, 0.725545795581573, 0.798345200971576, 0.840178466930239, 0.875325682348446, 0.899921110409976, 0.970212554768893, 1.06347874000417, 1.06055094961016, 1.01982844146063, 0.867214309124469],
        [0.352759237983929, 0.544403071257103, 0.657744930522027, 0.73655666255676, 0.800530083271505, 0.860848595172214, 0.977326484355961, 1.11534938382485, 1.13794138394875, 1.12182002216266, 1.01793484871098],
        [0.0452483300237238, 0.294271503629411, 0.446516169750985, 0.568702712268696, 0.668978653830459, 0.774571232657905, 0.938858058282971, 1.12212508814653, 1.17208341958716, 1.19226209884733, 1.16133866578164]
      ],
      "scene": "scene4",
      "type": "surface",
      "frame": null
    },
    {
      "colorbar": {
        "title": "",
        "ticklen": 2
      },
      "colorscale": "Jet",
      "showscale": false,
      "x": [0.0833333333333333, 0.166666666666667, 0.25, 0.333333333333333, 0.416666666666667, 0.5, 0.583333333333333, 0.666666666666667, 0.75, 0.833333333333333, 0.916666666666667],
      "y": [0.0833333333333333, 0.166666666666667, 0.25, 0.333333333333333, 0.416666666666667, 0.5, 0.583333333333333, 0.666666666666667, 0.75, 0.833333333333333, 0.916666666666667],
      "z": [
        [1.17344664544875, 0.818841084298332, 0.696974001963868, 0.734839009415452, 0.827530529164221, 1.07973847803964, 1.24038164844168, 1.22778222120682, 1.11629419903222, 1.21957414370215, 1.42558137810164],
        [1.56120136565192, 1.64361743623866, 1.73034354208677, 1.70006914031702, 1.65014709295826, 1.7007199030467, 1.70391463237607, 1.64363548940952, 1.52399841942356, 1.52654946722507, 1.61028220239375],
        [1.71298807084409, 2.03881657262294, 2.2487229278946, 2.19100081210926, 2.07160643740344, 2.01489914386423, 1.93588667081772, 1.85441608725392, 1.73681448717212, 1.68385014440108, 1.69827719680346],
        [1.76257426522831, 2.2513114949221, 2.54932820692241, 2.4817465519923, 2.32392610199747, 2.19949183969695, 2.06990706510953, 1.97860036624647, 1.86768730492289, 1.77804503155209, 1.74511468140784],
        [1.74526356468289, 2.35058158640831, 2.71740804841801, 2.65141129195732, 2.47428549833395, 2.30551916374802, 2.14425838503308, 2.05032594098804, 1.94960706770965, 1.83420149287944, 1.76639317542756],
        [1.67235615278169, 2.35885393573437, 2.78023002073204, 2.72529620911896, 2.54417092931421, 2.34930020612961, 2.17118576529771, 2.0805116338554, 1.99312443895053, 1.8603369350623, 1.76710288026448],
        [1.54042677589949, 2.27966287178748, 2.74569700129543, 2.71179024790302, 2.54119003980546, 2.33598341671046, 2.15415120472975, 2.07266262760005, 2.0025981606363, 1.8592940300631, 1.7479595777192],
        [1.33820609853708, 2.09961644838996, 2.60042724553005, 2.59937874181105, 2.45597741418239, 2.25791779200946, 2.08707102562487, 2.02171140060314, 1.97396167941443, 1.82758153988826, 1.70589026049356],
        [1.0347911916362, 1.78011209246384, 2.3047675332483, 2.35354851592777, 2.26026803493324, 2.09227597226062, 1.95195020675826, 1.91251509152341, 1.89468127611071, 1.75466118194784, 1.63206044835357],
        [0.549843042131592, 1.21592799685707, 1.74797145212446, 1.87696794190193, 1.87389163675877, 1.77493101025547, 1.69860841527542, 1.70247817796589, 1.72859299112497, 1.61063851398132, 1.50244733002418],
        [-0.374467865022648, 0.0594545231721372, 0.559002304859705, 0.841758233219902, 1.02591702449547, 1.0903284432147, 1.15907222354375, 1.24831564381037, 1.35233553551356, 1.2944795636988, 1.23780216487011]
      ],
      "scene": "scene5",
      "type": "surface",
      "frame": null
    },
    {
      "colorbar": {
        "title": "",
        "ticklen": 2
      },
      "colorscale": "Jet",
      "showscale": false,
      "x": [0.0833333333333333, 0.166666666666667, 0.25, 0.333333333333333, 0.416666666666667, 0.5, 0.583333333333333, 0.666666666666667, 0.75, 0.833333333333333, 0.916666666666667],
      "y": [0.0833333333333333, 0.166666666666667, 0.25, 0.333333333333333, 0.416666666666667, 0.5, 0.583333333333333, 0.666666666666667, 0.75, 0.833333333333333, 0.916666666666667],